"","achievement gains","active learning","assignments","attitudes","barriers","behavior","beliefs","college faculty","college school cooperation","competence","computer literacy","computer simulation","constructivism","content area reading","content area writing","cooperative learning","course content","course descriptions","course objectives","curriculum development","decision making","discussion","educational change","educational objectives","educational practices","educational strategies","electronic learning","electronic publishing","elementary education","elementary school science","elementary school students","english teachers","faculty development","familiarity","field experience programs","graduate students","inclusion","influence of technology","inquiry","instructional design","instructional effectiveness","intention","interdisciplinary approach","internet","investigations","knowledge","language arts","learning activities","learning experience","lesson plans","literacy","literacy education","metacognition","methods courses","middle school students","middle school teachers","models","professional development","program descriptions","program effectiveness","reflection","scaffolding","science education","science teachers","secondary school science","secondary school teachers","self determination","self efficacy","simulated environment","special education teachers","specific_technologies","stem education","student teacher evaluation","student teaching","teacher certification","teacher competencies","teacher competency testing","teacher education curriculum","teacher educators","teaching methods","teaching skills","telecommunications","thinking skills","tpack","undergraduate students","web sites","workshops","writing instruction"
"achievement gains",NA,-0.0357142857142857,-0.0357142857142857,NA,NA,NA,NA,NA,NA,NA,NA,NA,NA,-0.0357142857142857,-0.0357142857142857,NA,-0.0357142857142857,0.482142857142857,0.482142857142857,NA,-0.0357142857142857,NA,NA,-0.0357142857142857,NA,NA,NA,NA,NA,NA,NA,NA,NA,-0.0357142857142857,-0.0441367414752375,NA,-0.0357142857142857,-0.0357142857142857,NA,NA,NA,NA,NA,NA,NA,NA,NA,NA,NA,NA,-0.0357142857142857,NA,0.482142857142857,NA,-0.0357142857142857,-0.0357142857142857,NA,-0.0357142857142857,NA,NA,-0.0700140042014005,NA,NA,NA,NA,NA,-0.0357142857142857,NA,NA,NA,NA,NA,-0.0357142857142857,NA,NA,NA,NA,NA,NA,NA,0.382518426118725,NA,NA,NA,-0.0357142857142857,NA,NA,-0.0357142857142857
"active learning",NA,NA,NA,NA,NA,NA,NA,NA,NA,NA,NA,NA,NA,NA,-0.0357142857142857,NA,-0.0357142857142857,-0.0357142857142857,-0.0357142857142857,NA,-0.0357142857142857,NA,NA,-0.0357142857142857,NA,NA,NA,NA,NA,NA,NA,NA,NA,NA,NA,NA,-0.0357142857142857,NA,NA,NA,NA,NA,NA,NA,NA,NA,NA,NA,NA,NA,-0.0357142857142857,NA,0.482142857142857,NA,NA,-0.0357142857142857,NA,-0.0357142857142857,NA,NA,-0.0700140042014005,NA,NA,NA,NA,NA,-0.0357142857142857,NA,NA,NA,NA,NA,-0.0357142857142857,NA,NA,NA,NA,NA,NA,NA,NA,NA,NA,NA,NA,NA,NA,0.482142857142857
"assignments",NA,-0.0357142857142857,NA,NA,NA,NA,NA,NA,NA,NA,NA,NA,NA,-0.0357142857142857,-0.0357142857142857,NA,-0.0357142857142857,-0.0357142857142857,-0.0357142857142857,NA,-0.0357142857142857,NA,NA,-0.0357142857142857,NA,NA,NA,NA,NA,NA,NA,NA,NA,NA,NA,NA,-0.0357142857142857,NA,NA,NA,NA,NA,NA,NA,NA,NA,NA,NA,NA,NA,-0.0357142857142857,NA,-0.0357142857142857,NA,-0.0357142857142857,-0.0357142857142857,NA,-0.0357142857142857,NA,NA,-0.0700140042014005,NA,NA,NA,NA,NA,-0.0357142857142857,NA,NA,NA,NA,NA,-0.0357142857142857,NA,NA,NA,NA,NA,NA,NA,NA,NA,NA,NA,-0.0357142857142857,NA,NA,-0.0357142857142857
"attitudes",-0.176368905375665,0.0130643633611603,0.0130643633611603,NA,-0.203513542173167,0.0941810099409828,0.202497632097985,0.0941810099409828,0.0941810099409828,0.202497632097985,0.0130643633611603,0.0941810099409828,0.0941810099409828,0.0130643633611603,0.0130643633611603,0.250252397843183,0.0130643633611603,-0.176368905375665,0.0130643633611603,0.0188148336296578,0.0130643633611603,0.0941810099409828,-0.0618903779612172,0.202497632097985,NA,-0.176368905375665,0.202497632097985,0.0130643633611603,-0.0618903779612172,0.202497632097985,-0.176368905375665,0.250252397843183,-0.0618903779612172,0.202497632097985,-0.217961765863417,0.202497632097985,0.0130643633611603,0.0130643633611603,0.0941810099409828,-0.163495219699502,-0.117592710185362,0.250252397843183,-0.254000254000381,-0.0618903779612172,0.0130643633611603,0.0773598883370318,0.202497632097985,-0.0618903779612172,0.0130643633611603,-0.306006792769817,0.0130643633611603,-0.0618903779612172,-0.176368905375665,0.0828092671205268,-0.176368905375665,0.0130643633611603,0.0786632016480937,-0.176368905375665,-0.176368905375665,0.155222377444677,-0.0274406517377071,-0.176368905375665,0.202497632097985,-0.217961765863417,0.0130643633611603,-0.0618903779612172,0.0130643633611603,0.0828092671205268,0.202497632097985,0.0130643633611603,0.0315534352359481,-0.0988110140104134,0.0130643633611603,-0.0618903779612172,-0.176368905375665,-0.0274406517377071,0.0130643633611603,0.0188148336296578,0.0828092671205268,-0.0693899782807807,-0.217961765863417,0.202497632097985,-0.217961765863417,-0.307048984468339,0.202497632097985,0.0130643633611603,0.155222377444677,0.0130643633611603
"barriers",-0.0641940738766369,0.246077283193775,-0.0641940738766369,NA,NA,-0.0793328828021918,-0.0641940738766369,NA,-0.0793328828021918,NA,-0.0641940738766369,NA,-0.0793328828021918,-0.0641940738766369,-0.0641940738766369,NA,-0.0641940738766369,-0.0641940738766369,-0.0641940738766369,NA,-0.0641940738766369,NA,-0.0793328828021918,-0.0641940738766369,NA,NA,-0.0641940738766369,-0.0641940738766369,-0.0793328828021918,-0.0641940738766369,-0.0641940738766369,-0.0793328828021918,0.176295295115982,-0.0641940738766369,-0.0793328828021918,-0.0641940738766369,-0.0641940738766369,0.246077283193775,0.176295295115982,NA,NA,-0.0793328828021918,NA,NA,NA,NA,-0.0641940738766369,-0.0793328828021918,NA,NA,-0.0641940738766369,-0.0793328828021918,-0.0641940738766369,NA,-0.0641940738766369,-0.0641940738766369,NA,-0.0641940738766369,0.246077283193775,-0.0924500327042049,-0.125845556426908,NA,NA,NA,0.246077283193775,NA,-0.0641940738766369,NA,-0.0641940738766369,NA,NA,NA,0.246077283193775,NA,-0.0641940738766369,0.221727885133124,-0.0641940738766369,NA,-0.104332837946738,NA,-0.0793328828021918,-0.0641940738766369,0.176295295115982,NA,-0.0641940738766369,-0.0641940738766369,-0.0924500327042049,-0.0641940738766369
"behavior",0.382518426118725,-0.0441367414752375,-0.0441367414752375,NA,NA,NA,NA,NA,NA,NA,NA,NA,NA,-0.0441367414752375,-0.0441367414752375,NA,-0.0441367414752375,0.382518426118725,0.809173593712687,NA,-0.0441367414752375,NA,NA,0.382518426118725,NA,NA,NA,NA,NA,NA,NA,NA,NA,0.382518426118725,-0.0545454545454545,NA,-0.0441367414752375,0.382518426118725,NA,NA,NA,NA,NA,NA,NA,NA,NA,NA,NA,NA,-0.0441367414752375,NA,-0.0441367414752375,NA,-0.0441367414752375,-0.0441367414752375,NA,-0.0441367414752375,NA,NA,0.152449373485448,NA,NA,NA,NA,NA,-0.0441367414752375,NA,NA,NA,NA,NA,0.382518426118725,NA,NA,NA,NA,NA,NA,NA,0.296969696969697,NA,NA,NA,-0.0441367414752375,NA,NA,-0.0441367414752375
"beliefs",-0.0357142857142857,-0.0357142857142857,-0.0357142857142857,NA,NA,-0.0441367414752375,NA,NA,NA,NA,NA,NA,-0.0441367414752375,-0.0357142857142857,-0.0357142857142857,NA,-0.0357142857142857,-0.0357142857142857,-0.0357142857142857,NA,-0.0357142857142857,NA,NA,-0.0357142857142857,NA,NA,NA,NA,-0.0441367414752375,NA,-0.0357142857142857,NA,-0.0441367414752375,-0.0357142857142857,-0.0441367414752375,NA,-0.0357142857142857,-0.0357142857142857,NA,NA,NA,0.382518426118725,NA,NA,NA,NA,NA,NA,NA,NA,-0.0357142857142857,NA,-0.0357142857142857,NA,-0.0357142857142857,-0.0357142857142857,NA,-0.0357142857142857,NA,NA,-0.0700140042014005,NA,NA,NA,NA,NA,-0.0357142857142857,NA,NA,NA,NA,NA,-0.0357142857142857,NA,NA,NA,NA,NA,-0.0580454325265715,NA,-0.0441367414752375,-0.0357142857142857,NA,NA,0.482142857142857,NA,NA,-0.0357142857142857
"college faculty",-0.0441367414752375,-0.0441367414752375,-0.0441367414752375,NA,0.176295295115982,-0.0545454545454545,-0.0441367414752375,NA,-0.0545454545454545,-0.0441367414752375,-0.0441367414752375,-0.0545454545454545,-0.0545454545454545,-0.0441367414752375,0.382518426118725,-0.0545454545454545,0.382518426118725,-0.0441367414752375,-0.0441367414752375,NA,-0.0441367414752375,-0.0545454545454545,-0.0545454545454545,-0.0441367414752375,NA,NA,-0.0441367414752375,0.382518426118725,-0.0545454545454545,-0.0441367414752375,-0.0441367414752375,-0.0545454545454545,0.296969696969697,-0.0441367414752375,-0.0545454545454545,-0.0441367414752375,-0.0441367414752375,0.382518426118725,-0.0545454545454545,-0.0717342149788216,-0.0635641726163728,-0.0545454545454545,-0.0635641726163728,NA,-0.0441367414752375,-0.100092721392196,-0.0441367414752375,0.296969696969697,-0.0441367414752375,-0.119286415873132,-0.0441367414752375,-0.0545454545454545,-0.0441367414752375,NA,-0.0441367414752375,0.382518426118725,-0.0865253200863353,-0.0441367414752375,-0.0441367414752375,-0.0635641726163728,-0.0865253200863353,-0.0441367414752375,0.382518426118725,NA,-0.0441367414752375,-0.0545454545454545,-0.0441367414752375,-0.0717342149788216,-0.0441367414752375,NA,NA,NA,-0.0441367414752375,-0.0545454545454545,-0.0441367414752375,0.152449373485448,-0.0441367414752375,NA,0.483010380857399,-0.150387526019486,-0.0545454545454545,0.382518426118725,-0.0545454545454545,NA,-0.0441367414752375,0.382518426118725,0.243662661696096,0.382518426118725
"college school cooperation",-0.0441367414752375,-0.0441367414752375,-0.0441367414752375,NA,NA,-0.0545454545454545,-0.0441367414752375,NA,NA,NA,NA,NA,-0.0545454545454545,-0.0441367414752375,-0.0441367414752375,NA,-0.0441367414752375,-0.0441367414752375,-0.0441367414752375,NA,-0.0441367414752375,NA,NA,-0.0441367414752375,NA,NA,NA,-0.0441367414752375,-0.0545454545454545,NA,-0.0441367414752375,NA,-0.0545454545454545,-0.0441367414752375,-0.0545454545454545,NA,-0.0441367414752375,-0.0441367414752375,-0.0545454545454545,NA,NA,-0.0545454545454545,NA,NA,NA,NA,-0.0441367414752375,NA,NA,NA,-0.0441367414752375,NA,-0.0441367414752375,NA,0.382518426118725,-0.0441367414752375,NA,-0.0441367414752375,NA,-0.0635641726163728,0.152449373485448,NA,NA,NA,NA,NA,-0.0441367414752375,NA,NA,NA,NA,NA,-0.0441367414752375,NA,NA,NA,NA,NA,-0.0717342149788216,NA,-0.0545454545454545,0.382518426118725,NA,NA,-0.0441367414752375,NA,NA,-0.0441367414752375
"competence",-0.0357142857142857,-0.0357142857142857,-0.0357142857142857,NA,-0.0641940738766369,-0.0441367414752375,-0.0357142857142857,NA,-0.0441367414752375,NA,0.482142857142857,-0.0441367414752375,-0.0441367414752375,-0.0357142857142857,-0.0357142857142857,-0.0441367414752375,-0.0357142857142857,-0.0357142857142857,-0.0357142857142857,NA,-0.0357142857142857,-0.0441367414752375,-0.0441367414752375,-0.0357142857142857,NA,NA,-0.0357142857142857,-0.0357142857142857,0.382518426118725,-0.0357142857142857,-0.0357142857142857,-0.0441367414752375,-0.0441367414752375,-0.0357142857142857,-0.0441367414752375,-0.0357142857142857,-0.0357142857142857,-0.0357142857142857,-0.0441367414752375,NA,-0.051434449987364,-0.0441367414752375,-0.051434449987364,NA,-0.0357142857142857,NA,-0.0357142857142857,-0.0441367414752375,-0.0357142857142857,NA,-0.0357142857142857,-0.0441367414752375,-0.0357142857142857,NA,-0.0357142857142857,-0.0357142857142857,NA,-0.0357142857142857,-0.0357142857142857,-0.051434449987364,-0.0700140042014005,-0.0357142857142857,-0.0357142857142857,NA,-0.0357142857142857,-0.0441367414752375,0.482142857142857,-0.0580454325265715,-0.0357142857142857,NA,NA,NA,-0.0357142857142857,NA,-0.0357142857142857,-0.0700140042014005,-0.0357142857142857,NA,-0.0580454325265715,-0.121689614878748,-0.0441367414752375,-0.0357142857142857,-0.0441367414752375,NA,-0.0357142857142857,-0.0357142857142857,-0.051434449987364,-0.0357142857142857
"computer literacy",-0.0357142857142857,-0.0357142857142857,-0.0357142857142857,NA,NA,-0.0441367414752375,-0.0357142857142857,NA,-0.0441367414752375,NA,NA,NA,-0.0441367414752375,-0.0357142857142857,-0.0357142857142857,NA,-0.0357142857142857,-0.0357142857142857,-0.0357142857142857,NA,0.482142857142857,NA,NA,-0.0357142857142857,NA,NA,-0.0357142857142857,-0.0357142857142857,-0.0441367414752375,-0.0357142857142857,-0.0357142857142857,-0.0441367414752375,-0.0441367414752375,-0.0357142857142857,-0.0441367414752375,-0.0357142857142857,-0.0357142857142857,-0.0357142857142857,0.382518426118725,NA,NA,-0.0441367414752375,NA,NA,NA,NA,-0.0357142857142857,-0.0441367414752375,NA,NA,-0.0357142857142857,NA,-0.0357142857142857,NA,-0.0357142857142857,-0.0357142857142857,NA,-0.0357142857142857,-0.0357142857142857,-0.051434449987364,0.220044013204402,NA,NA,NA,NA,NA,-0.0357142857142857,NA,NA,NA,NA,NA,-0.0357142857142857,NA,-0.0357142857142857,-0.0700140042014005,NA,NA,-0.0580454325265715,NA,-0.0441367414752375,-0.0357142857142857,-0.0441367414752375,NA,-0.0357142857142857,-0.0357142857142857,-0.051434449987364,-0.0357142857142857
"computer simulation",-0.0441367414752375,-0.0441367414752375,0.382518426118725,NA,0.176295295115982,-0.0545454545454545,-0.0441367414752375,NA,-0.0545454545454545,NA,-0.0441367414752375,NA,-0.0545454545454545,-0.0441367414752375,-0.0441367414752375,NA,-0.0441367414752375,-0.0441367414752375,-0.0441367414752375,NA,-0.0441367414752375,-0.0545454545454545,-0.0545454545454545,-0.0441367414752375,NA,NA,0.382518426118725,-0.0441367414752375,-0.0545454545454545,-0.0441367414752375,-0.0441367414752375,-0.0545454545454545,-0.0545454545454545,-0.0441367414752375,-0.0545454545454545,-0.0441367414752375,-0.0441367414752375,-0.0441367414752375,-0.0545454545454545,NA,NA,-0.0545454545454545,NA,NA,-0.0441367414752375,NA,0.382518426118725,-0.0545454545454545,-0.0441367414752375,NA,-0.0441367414752375,-0.0545454545454545,-0.0441367414752375,NA,-0.0441367414752375,-0.0441367414752375,NA,-0.0441367414752375,-0.0441367414752375,-0.0635641726163728,-0.0865253200863353,-0.0441367414752375,0.382518426118725,NA,-0.0441367414752375,-0.0545454545454545,-0.0441367414752375,NA,0.809173593712687,NA,NA,NA,-0.0441367414752375,NA,-0.0441367414752375,0.152449373485448,-0.0441367414752375,NA,-0.0717342149788216,NA,-0.0545454545454545,-0.0441367414752375,-0.0545454545454545,NA,-0.0441367414752375,-0.0441367414752375,0.243662661696096,-0.0441367414752375
"constructivism",-0.0441367414752375,-0.0441367414752375,-0.0441367414752375,NA,NA,0.296969696969697,NA,NA,NA,NA,NA,NA,NA,-0.0441367414752375,-0.0441367414752375,NA,-0.0441367414752375,-0.0441367414752375,-0.0441367414752375,NA,0.382518426118725,NA,NA,-0.0441367414752375,NA,NA,NA,NA,NA,NA,NA,NA,NA,-0.0441367414752375,-0.0545454545454545,NA,-0.0441367414752375,-0.0441367414752375,NA,NA,NA,NA,NA,NA,NA,NA,NA,NA,NA,NA,-0.0441367414752375,NA,-0.0441367414752375,NA,-0.0441367414752375,-0.0441367414752375,NA,-0.0441367414752375,NA,NA,0.391424067057231,NA,NA,NA,NA,NA,-0.0441367414752375,NA,NA,NA,NA,NA,-0.0441367414752375,NA,NA,NA,NA,NA,NA,NA,-0.0545454545454545,NA,NA,NA,-0.0441367414752375,NA,NA,-0.0441367414752375
"content area reading",NA,-0.0357142857142857,NA,NA,NA,NA,NA,NA,NA,NA,NA,NA,NA,NA,0.482142857142857,NA,-0.0357142857142857,-0.0357142857142857,-0.0357142857142857,NA,-0.0357142857142857,NA,NA,-0.0357142857142857,NA,NA,NA,NA,NA,NA,NA,NA,NA,NA,NA,NA,0.482142857142857,NA,NA,NA,NA,NA,NA,NA,NA,NA,NA,NA,NA,NA,0.482142857142857,NA,-0.0357142857142857,NA,NA,-0.0357142857142857,NA,-0.0357142857142857,NA,NA,0.220044013204402,NA,NA,NA,NA,NA,-0.0357142857142857,NA,NA,NA,NA,NA,-0.0357142857142857,NA,NA,NA,NA,NA,NA,NA,NA,NA,NA,NA,-0.0357142857142857,NA,NA,-0.0357142857142857
"content area writing",NA,NA,NA,NA,NA,NA,NA,NA,NA,NA,NA,NA,NA,NA,NA,NA,NA,NA,-0.0357142857142857,NA,NA,NA,NA,NA,NA,NA,NA,NA,NA,NA,NA,NA,NA,NA,NA,NA,NA,NA,NA,NA,NA,NA,NA,NA,NA,NA,NA,NA,NA,NA,NA,NA,NA,NA,NA,NA,NA,NA,NA,NA,NA,NA,NA,NA,NA,NA,NA,NA,NA,NA,NA,NA,NA,NA,NA,NA,NA,NA,NA,NA,NA,NA,NA,NA,NA,NA,NA,NA
"cooperative learning",-0.0441367414752375,0.382518426118725,0.382518426118725,NA,0.176295295115982,-0.0545454545454545,-0.0441367414752375,NA,-0.0545454545454545,NA,-0.0441367414752375,0.296969696969697,-0.0545454545454545,-0.0441367414752375,-0.0441367414752375,NA,-0.0441367414752375,-0.0441367414752375,-0.0441367414752375,NA,-0.0441367414752375,-0.0545454545454545,-0.0545454545454545,-0.0441367414752375,NA,NA,0.382518426118725,-0.0441367414752375,-0.0545454545454545,-0.0441367414752375,-0.0441367414752375,0.296969696969697,0.296969696969697,-0.0441367414752375,-0.0545454545454545,-0.0441367414752375,-0.0441367414752375,-0.0441367414752375,0.296969696969697,NA,NA,-0.0545454545454545,-0.0635641726163728,NA,-0.0441367414752375,NA,0.382518426118725,-0.0545454545454545,-0.0441367414752375,NA,-0.0441367414752375,-0.0545454545454545,-0.0441367414752375,NA,-0.0441367414752375,-0.0441367414752375,NA,-0.0441367414752375,-0.0441367414752375,-0.0635641726163728,-0.0865253200863353,-0.0441367414752375,0.382518426118725,NA,0.382518426118725,-0.0545454545454545,-0.0441367414752375,-0.0717342149788216,0.382518426118725,NA,NA,NA,-0.0441367414752375,NA,-0.0441367414752375,-0.0865253200863353,-0.0441367414752375,NA,-0.0717342149788216,0.0206414251399295,-0.0545454545454545,-0.0441367414752375,-0.0545454545454545,NA,-0.0441367414752375,-0.0441367414752375,0.243662661696096,-0.0441367414752375
"course content",NA,NA,NA,NA,NA,NA,NA,NA,NA,NA,NA,NA,NA,NA,0.482142857142857,NA,NA,-0.0357142857142857,-0.0357142857142857,NA,-0.0357142857142857,NA,NA,-0.0357142857142857,NA,NA,NA,NA,NA,NA,NA,NA,NA,NA,NA,NA,-0.0357142857142857,NA,NA,NA,NA,NA,NA,NA,NA,NA,NA,NA,NA,NA,-0.0357142857142857,NA,-0.0357142857142857,NA,NA,0.482142857142857,NA,NA,NA,NA,-0.0700140042014005,NA,NA,NA,NA,NA,NA,NA,NA,NA,NA,NA,-0.0357142857142857,NA,NA,NA,NA,NA,NA,NA,NA,NA,NA,NA,NA,NA,NA,0.482142857142857
"course descriptions",NA,NA,NA,NA,NA,NA,NA,NA,NA,NA,NA,NA,NA,NA,-0.0357142857142857,NA,NA,NA,0.482142857142857,NA,NA,NA,NA,NA,NA,NA,NA,NA,NA,NA,NA,NA,NA,NA,NA,NA,NA,NA,NA,NA,NA,NA,NA,NA,NA,NA,NA,NA,NA,NA,-0.0357142857142857,NA,NA,NA,NA,NA,NA,NA,NA,NA,NA,NA,NA,NA,NA,NA,NA,NA,NA,NA,NA,NA,NA,NA,NA,NA,NA,NA,NA,NA,NA,NA,NA,NA,NA,NA,NA,NA
"curriculum development",-0.051434449987364,-0.051434449987364,-0.051434449987364,NA,-0.0924500327042049,0.243662661696096,-0.051434449987364,-0.0635641726163728,-0.0635641726163728,-0.051434449987364,-0.051434449987364,-0.0635641726163728,-0.0635641726163728,0.321465312421025,0.321465312421025,-0.0635641726163728,-0.051434449987364,-0.051434449987364,0.321465312421025,NA,-0.051434449987364,-0.0635641726163728,0.243662661696096,0.321465312421025,NA,NA,-0.051434449987364,-0.051434449987364,-0.0635641726163728,0.321465312421025,-0.051434449987364,-0.0635641726163728,-0.0635641726163728,0.321465312421025,0.243662661696096,-0.051434449987364,0.321465312421025,0.321465312421025,0.243662661696096,0.158830456482248,-0.0740740740740741,-0.0635641726163728,-0.0740740740740741,NA,-0.051434449987364,0.0712814475413094,-0.051434449987364,-0.0635641726163728,-0.051434449987364,-0.139009609371383,0.321465312421025,-0.0635641726163728,-0.051434449987364,NA,-0.051434449987364,-0.051434449987364,-0.100831690330337,-0.051434449987364,0.321465312421025,-0.0740740740740741,0.108033953925361,-0.051434449987364,-0.051434449987364,NA,-0.051434449987364,0.243662661696096,-0.051434449987364,-0.0835949770959199,-0.051434449987364,NA,NA,NA,0.321465312421025,0.243662661696096,0.321465312421025,-0.100831690330337,0.694365074829414,NA,-0.0835949770959199,0.123708053289142,-0.0635641726163728,-0.051434449987364,-0.0635641726163728,NA,-0.051434449987364,-0.051434449987364,-0.0740740740740741,-0.051434449987364
"decision making",NA,NA,NA,NA,NA,NA,NA,NA,NA,NA,NA,NA,NA,NA,-0.0357142857142857,NA,NA,-0.0357142857142857,-0.0357142857142857,NA,NA,NA,NA,NA,NA,NA,NA,NA,NA,NA,NA,NA,NA,NA,NA,NA,-0.0357142857142857,NA,NA,NA,NA,NA,NA,NA,NA,NA,NA,NA,NA,NA,-0.0357142857142857,NA,NA,NA,NA,NA,NA,NA,NA,NA,NA,NA,NA,NA,NA,NA,NA,NA,NA,NA,NA,NA,-0.0357142857142857,NA,NA,NA,NA,NA,NA,NA,NA,NA,NA,NA,NA,NA,NA,-0.0357142857142857
"discussion",-0.0441367414752375,-0.0441367414752375,-0.0441367414752375,NA,-0.0793328828021918,0.296969696969697,-0.0441367414752375,NA,0.296969696969697,NA,-0.0441367414752375,NA,0.296969696969697,-0.0441367414752375,-0.0441367414752375,NA,-0.0441367414752375,-0.0441367414752375,-0.0441367414752375,NA,-0.0441367414752375,NA,0.296969696969697,-0.0441367414752375,NA,NA,-0.0441367414752375,-0.0441367414752375,-0.0545454545454545,0.382518426118725,0.382518426118725,0.296969696969697,-0.0545454545454545,-0.0441367414752375,-0.0545454545454545,-0.0441367414752375,-0.0441367414752375,-0.0441367414752375,-0.0545454545454545,NA,NA,-0.0545454545454545,NA,NA,-0.0441367414752375,NA,-0.0441367414752375,-0.0545454545454545,NA,NA,-0.0441367414752375,0.296969696969697,-0.0441367414752375,NA,-0.0441367414752375,-0.0441367414752375,NA,-0.0441367414752375,-0.0441367414752375,-0.0635641726163728,0.391424067057231,-0.0441367414752375,NA,NA,-0.0441367414752375,NA,-0.0441367414752375,NA,-0.0441367414752375,NA,NA,NA,-0.0441367414752375,NA,-0.0441367414752375,-0.0865253200863353,-0.0441367414752375,NA,-0.0717342149788216,NA,-0.0545454545454545,-0.0441367414752375,-0.0545454545454545,NA,-0.0441367414752375,-0.0441367414752375,-0.0635641726163728,-0.0441367414752375
"educational change",-0.0441367414752375,-0.0441367414752375,-0.0441367414752375,NA,NA,-0.0545454545454545,-0.0441367414752375,NA,0.296969696969697,NA,-0.0441367414752375,NA,-0.0545454545454545,-0.0441367414752375,-0.0441367414752375,NA,-0.0441367414752375,-0.0441367414752375,-0.0441367414752375,NA,-0.0441367414752375,NA,NA,-0.0441367414752375,NA,NA,-0.0441367414752375,-0.0441367414752375,-0.0545454545454545,-0.0441367414752375,-0.0441367414752375,0.296969696969697,-0.0545454545454545,-0.0441367414752375,0.296969696969697,-0.0441367414752375,-0.0441367414752375,-0.0441367414752375,-0.0545454545454545,NA,NA,-0.0545454545454545,NA,NA,NA,NA,-0.0441367414752375,-0.0545454545454545,NA,NA,-0.0441367414752375,0.296969696969697,-0.0441367414752375,NA,-0.0441367414752375,-0.0441367414752375,NA,0.382518426118725,-0.0441367414752375,-0.0635641726163728,0.152449373485448,NA,NA,NA,-0.0441367414752375,NA,-0.0441367414752375,NA,NA,NA,NA,NA,-0.0441367414752375,NA,0.382518426118725,-0.0865253200863353,0.382518426118725,NA,-0.0717342149788216,NA,-0.0545454545454545,-0.0441367414752375,-0.0545454545454545,NA,-0.0441367414752375,-0.0441367414752375,-0.0635641726163728,-0.0441367414752375
"educational objectives",NA,NA,NA,NA,NA,NA,NA,NA,NA,NA,NA,NA,NA,NA,-0.0357142857142857,NA,NA,-0.0357142857142857,0.482142857142857,NA,-0.0357142857142857,NA,NA,NA,NA,NA,NA,NA,NA,NA,NA,NA,NA,NA,NA,NA,-0.0357142857142857,NA,NA,NA,NA,NA,NA,NA,NA,NA,NA,NA,NA,NA,-0.0357142857142857,NA,NA,NA,NA,NA,NA,NA,NA,NA,NA,NA,NA,NA,NA,NA,NA,NA,NA,NA,NA,NA,0.482142857142857,NA,NA,NA,NA,NA,NA,NA,NA,NA,NA,NA,NA,NA,NA,-0.0357142857142857
"educational practices",-0.0641940738766369,-0.0641940738766369,-0.0641940738766369,0.0234823317892116,0.0705128205128205,-0.0793328828021918,-0.0641940738766369,-0.0793328828021918,-0.0793328828021918,-0.0641940738766369,-0.0641940738766369,-0.0793328828021918,-0.0793328828021918,-0.0641940738766369,-0.0641940738766369,-0.0793328828021918,-0.0641940738766369,-0.0641940738766369,-0.0641940738766369,-0.0924500327042049,-0.0641940738766369,-0.0793328828021918,-0.0793328828021918,-0.0641940738766369,NA,-0.0641940738766369,0.246077283193775,-0.0641940738766369,-0.0793328828021918,-0.0641940738766369,-0.0641940738766369,-0.0793328828021918,-0.0793328828021918,0.246077283193775,-0.0793328828021918,0.556348640264187,-0.0641940738766369,-0.0641940738766369,-0.0793328828021918,-0.104332837946738,0.13097087966429,0.431923473034155,-0.0924500327042049,-0.0793328828021918,0.246077283193775,0.0107835908013771,-0.0641940738766369,-0.0793328828021918,0.246077283193775,-0.0337350376980307,0.246077283193775,-0.0793328828021918,-0.0641940738766369,0.0973773154169556,-0.0641940738766369,-0.0641940738766369,0.047941164353108,0.246077283193775,-0.0641940738766369,-0.0924500327042049,-0.125845556426908,-0.0641940738766369,-0.0641940738766369,-0.0793328828021918,-0.0641940738766369,-0.0793328828021918,-0.0641940738766369,-0.104332837946738,-0.0641940738766369,-0.0641940738766369,-0.005168113941217,-0.164331707176775,-0.0641940738766369,-0.0793328828021918,-0.0641940738766369,-0.125845556426908,-0.0641940738766369,0.13097087966429,0.299087468780649,0.0300216356274311,0.176295295115982,-0.0641940738766369,-0.0793328828021918,-0.136980268770401,-0.0641940738766369,-0.0641940738766369,-0.0924500327042049,-0.0641940738766369
"educational strategies",0.482142857142857,-0.0357142857142857,-0.0357142857142857,NA,-0.0641940738766369,-0.0441367414752375,-0.0357142857142857,-0.0441367414752375,-0.0441367414752375,-0.0357142857142857,-0.0357142857142857,-0.0441367414752375,-0.0441367414752375,-0.0357142857142857,-0.0357142857142857,-0.0441367414752375,-0.0357142857142857,-0.0357142857142857,-0.0357142857142857,-0.051434449987364,-0.0357142857142857,-0.0441367414752375,-0.0441367414752375,-0.0357142857142857,NA,NA,-0.0357142857142857,-0.0357142857142857,-0.0441367414752375,-0.0357142857142857,-0.0357142857142857,-0.0441367414752375,-0.0441367414752375,-0.0357142857142857,-0.0441367414752375,-0.0357142857142857,-0.0357142857142857,-0.0357142857142857,-0.0441367414752375,-0.0580454325265715,0.321465312421025,-0.0441367414752375,0.321465312421025,-0.0441367414752375,-0.0357142857142857,-0.0809923870734058,-0.0357142857142857,-0.0441367414752375,-0.0357142857142857,-0.096523417813168,-0.0357142857142857,-0.0441367414752375,0.482142857142857,NA,-0.0357142857142857,-0.0357142857142857,-0.0700140042014005,-0.0357142857142857,-0.0357142857142857,-0.051434449987364,-0.0700140042014005,0.482142857142857,-0.0357142857142857,NA,-0.0357142857142857,-0.0441367414752375,-0.0357142857142857,-0.0580454325265715,-0.0357142857142857,NA,-0.0862581949177943,NA,-0.0357142857142857,-0.0441367414752375,-0.0357142857142857,-0.0700140042014005,-0.0357142857142857,-0.051434449987364,-0.0580454325265715,0.0858985516791162,-0.0441367414752375,-0.0357142857142857,0.382518426118725,NA,-0.0357142857142857,-0.0357142857142857,-0.051434449987364,-0.0357142857142857
"electronic learning",-0.0357142857142857,-0.0357142857142857,0.482142857142857,NA,NA,-0.0441367414752375,-0.0357142857142857,NA,-0.0441367414752375,NA,NA,NA,-0.0441367414752375,-0.0357142857142857,-0.0357142857142857,NA,-0.0357142857142857,-0.0357142857142857,-0.0357142857142857,NA,-0.0357142857142857,NA,NA,-0.0357142857142857,NA,NA,NA,-0.0357142857142857,-0.0441367414752375,-0.0357142857142857,-0.0357142857142857,-0.0441367414752375,-0.0441367414752375,-0.0357142857142857,-0.0441367414752375,-0.0357142857142857,-0.0357142857142857,-0.0357142857142857,-0.0441367414752375,NA,NA,0.382518426118725,NA,NA,NA,NA,-0.0357142857142857,NA,NA,NA,-0.0357142857142857,NA,-0.0357142857142857,NA,-0.0357142857142857,-0.0357142857142857,NA,-0.0357142857142857,-0.0357142857142857,-0.051434449987364,-0.0700140042014005,NA,NA,NA,NA,NA,-0.0357142857142857,NA,NA,NA,NA,NA,-0.0357142857142857,NA,-0.0357142857142857,-0.0700140042014005,NA,NA,0.278618076127543,NA,-0.0441367414752375,-0.0357142857142857,-0.0441367414752375,NA,-0.0357142857142857,-0.0357142857142857,0.321465312421025,-0.0357142857142857
"electronic publishing",-0.0357142857142857,0.482142857142857,-0.0357142857142857,NA,NA,-0.0441367414752375,-0.0357142857142857,NA,NA,NA,NA,NA,-0.0441367414752375,-0.0357142857142857,0.482142857142857,NA,0.482142857142857,-0.0357142857142857,-0.0357142857142857,NA,-0.0357142857142857,NA,NA,-0.0357142857142857,NA,NA,NA,NA,-0.0441367414752375,NA,0.482142857142857,NA,-0.0441367414752375,-0.0357142857142857,-0.0441367414752375,NA,-0.0357142857142857,-0.0357142857142857,NA,NA,NA,-0.0441367414752375,NA,NA,NA,NA,NA,NA,NA,NA,-0.0357142857142857,NA,0.482142857142857,NA,-0.0357142857142857,-0.0357142857142857,NA,-0.0357142857142857,NA,NA,-0.0700140042014005,NA,NA,NA,NA,NA,-0.0357142857142857,NA,NA,NA,NA,NA,-0.0357142857142857,NA,NA,NA,NA,NA,0.278618076127543,NA,-0.0441367414752375,0.482142857142857,NA,NA,-0.0357142857142857,NA,NA,1
"elementary education",-0.0441367414752375,-0.0441367414752375,-0.0441367414752375,NA,NA,-0.0545454545454545,NA,NA,NA,NA,NA,NA,-0.0545454545454545,-0.0441367414752375,-0.0441367414752375,NA,-0.0441367414752375,-0.0441367414752375,-0.0441367414752375,NA,-0.0441367414752375,NA,NA,-0.0441367414752375,NA,NA,NA,NA,NA,NA,NA,NA,-0.0545454545454545,-0.0441367414752375,-0.0545454545454545,NA,-0.0441367414752375,-0.0441367414752375,NA,NA,NA,NA,NA,NA,NA,NA,NA,NA,NA,NA,-0.0441367414752375,NA,-0.0441367414752375,NA,-0.0441367414752375,-0.0441367414752375,NA,-0.0441367414752375,NA,NA,0.152449373485448,NA,NA,NA,NA,NA,0.809173593712687,NA,NA,NA,NA,NA,-0.0441367414752375,NA,NA,NA,NA,NA,-0.0717342149788216,NA,-0.0545454545454545,-0.0441367414752375,NA,NA,-0.0441367414752375,NA,NA,-0.0441367414752375
"elementary school science",-0.0357142857142857,-0.0357142857142857,-0.0357142857142857,NA,NA,0.382518426118725,-0.0357142857142857,NA,-0.0441367414752375,NA,NA,NA,0.382518426118725,-0.0357142857142857,-0.0357142857142857,NA,-0.0357142857142857,-0.0357142857142857,-0.0357142857142857,NA,-0.0357142857142857,NA,NA,-0.0357142857142857,NA,NA,NA,-0.0357142857142857,-0.0441367414752375,NA,-0.0357142857142857,-0.0441367414752375,-0.0441367414752375,-0.0357142857142857,-0.0441367414752375,-0.0357142857142857,-0.0357142857142857,-0.0357142857142857,0.382518426118725,NA,NA,-0.0441367414752375,NA,NA,NA,NA,-0.0357142857142857,NA,NA,NA,-0.0357142857142857,NA,-0.0357142857142857,NA,-0.0357142857142857,-0.0357142857142857,NA,-0.0357142857142857,-0.0357142857142857,-0.051434449987364,0.220044013204402,NA,NA,NA,NA,NA,-0.0357142857142857,NA,NA,NA,NA,NA,-0.0357142857142857,NA,-0.0357142857142857,-0.0700140042014005,NA,NA,-0.0580454325265715,NA,-0.0441367414752375,-0.0357142857142857,-0.0441367414752375,NA,-0.0357142857142857,-0.0357142857142857,-0.051434449987364,-0.0357142857142857
"elementary school students",-0.0357142857142857,0.482142857142857,-0.0357142857142857,NA,NA,-0.0441367414752375,NA,NA,NA,NA,NA,NA,-0.0441367414752375,-0.0357142857142857,-0.0357142857142857,NA,-0.0357142857142857,-0.0357142857142857,-0.0357142857142857,NA,-0.0357142857142857,NA,NA,-0.0357142857142857,NA,NA,NA,NA,-0.0441367414752375,NA,NA,NA,-0.0441367414752375,-0.0357142857142857,-0.0441367414752375,NA,-0.0357142857142857,-0.0357142857142857,NA,NA,NA,-0.0441367414752375,NA,NA,NA,NA,NA,NA,NA,NA,-0.0357142857142857,NA,0.482142857142857,NA,-0.0357142857142857,-0.0357142857142857,NA,-0.0357142857142857,NA,NA,-0.0700140042014005,NA,NA,NA,NA,NA,-0.0357142857142857,NA,NA,NA,NA,NA,-0.0357142857142857,NA,NA,NA,NA,NA,-0.0580454325265715,NA,-0.0441367414752375,-0.0357142857142857,NA,NA,-0.0357142857142857,NA,NA,0.482142857142857
"english teachers",-0.0441367414752375,-0.0441367414752375,-0.0441367414752375,NA,NA,-0.0545454545454545,-0.0441367414752375,NA,0.296969696969697,NA,NA,NA,-0.0545454545454545,-0.0441367414752375,-0.0441367414752375,NA,-0.0441367414752375,-0.0441367414752375,-0.0441367414752375,NA,-0.0441367414752375,NA,NA,0.382518426118725,NA,NA,NA,-0.0441367414752375,-0.0545454545454545,NA,-0.0441367414752375,NA,0.296969696969697,-0.0441367414752375,-0.0545454545454545,-0.0441367414752375,-0.0441367414752375,-0.0441367414752375,-0.0545454545454545,NA,NA,-0.0545454545454545,NA,NA,NA,NA,0.382518426118725,NA,NA,NA,-0.0441367414752375,NA,-0.0441367414752375,NA,-0.0441367414752375,-0.0441367414752375,NA,-0.0441367414752375,-0.0441367414752375,0.243662661696096,0.391424067057231,NA,NA,NA,NA,NA,-0.0441367414752375,NA,NA,NA,NA,NA,-0.0441367414752375,NA,-0.0441367414752375,NA,NA,NA,-0.0717342149788216,NA,-0.0545454545454545,-0.0441367414752375,NA,NA,-0.0441367414752375,-0.0441367414752375,NA,-0.0441367414752375
"faculty development",-0.0441367414752375,-0.0441367414752375,-0.0441367414752375,NA,NA,-0.0545454545454545,NA,NA,NA,NA,NA,NA,-0.0545454545454545,-0.0441367414752375,-0.0441367414752375,NA,-0.0441367414752375,-0.0441367414752375,-0.0441367414752375,NA,-0.0441367414752375,NA,NA,-0.0441367414752375,NA,NA,NA,NA,NA,NA,NA,NA,NA,-0.0441367414752375,-0.0545454545454545,NA,-0.0441367414752375,0.382518426118725,NA,NA,NA,NA,NA,NA,NA,NA,NA,NA,NA,NA,-0.0441367414752375,NA,-0.0441367414752375,NA,-0.0441367414752375,-0.0441367414752375,NA,-0.0441367414752375,NA,NA,-0.0865253200863353,NA,NA,NA,NA,NA,-0.0441367414752375,NA,NA,NA,NA,NA,-0.0441367414752375,NA,NA,NA,NA,NA,-0.0717342149788216,NA,0.296969696969697,-0.0441367414752375,NA,NA,-0.0441367414752375,NA,NA,-0.0441367414752375
"familiarity",NA,-0.0357142857142857,-0.0357142857142857,NA,NA,NA,NA,NA,NA,NA,NA,NA,NA,-0.0357142857142857,-0.0357142857142857,NA,-0.0357142857142857,-0.0357142857142857,0.482142857142857,NA,-0.0357142857142857,NA,NA,0.482142857142857,NA,NA,NA,NA,NA,NA,NA,NA,NA,NA,-0.0441367414752375,NA,-0.0357142857142857,0.482142857142857,NA,NA,NA,NA,NA,NA,NA,NA,NA,NA,NA,NA,0.482142857142857,NA,-0.0357142857142857,NA,-0.0357142857142857,-0.0357142857142857,NA,-0.0357142857142857,NA,NA,-0.0700140042014005,NA,NA,NA,NA,NA,-0.0357142857142857,NA,NA,NA,NA,NA,0.482142857142857,NA,NA,NA,NA,NA,NA,NA,-0.0441367414752375,NA,NA,NA,-0.0357142857142857,NA,NA,-0.0357142857142857
"field experience programs",NA,-0.0441367414752375,0.382518426118725,NA,NA,NA,NA,NA,NA,NA,NA,NA,NA,-0.0441367414752375,-0.0441367414752375,NA,0.382518426118725,-0.0441367414752375,-0.0441367414752375,NA,-0.0441367414752375,NA,NA,-0.0441367414752375,NA,NA,NA,NA,NA,NA,NA,NA,NA,NA,NA,NA,-0.0441367414752375,NA,NA,NA,NA,NA,NA,NA,NA,NA,NA,NA,NA,NA,-0.0441367414752375,NA,-0.0441367414752375,NA,-0.0441367414752375,0.382518426118725,NA,-0.0441367414752375,NA,NA,-0.0865253200863353,NA,NA,NA,NA,NA,-0.0441367414752375,NA,NA,NA,NA,NA,-0.0441367414752375,NA,NA,NA,NA,NA,NA,NA,NA,NA,NA,NA,-0.0441367414752375,NA,NA,-0.0441367414752375
"games",-0.0441367414752375,-0.0441367414752375,-0.0441367414752375,0.0941810099409828,-0.0793328828021918,-0.0545454545454545,-0.0441367414752375,-0.0545454545454545,-0.0545454545454545,-0.0441367414752375,-0.0441367414752375,-0.0545454545454545,0.296969696969697,-0.0441367414752375,-0.0441367414752375,-0.0545454545454545,-0.0441367414752375,-0.0441367414752375,-0.0441367414752375,-0.0635641726163728,-0.0441367414752375,-0.0545454545454545,-0.0545454545454545,-0.0441367414752375,0.176295295115982,-0.0441367414752375,-0.0441367414752375,-0.0441367414752375,-0.0545454545454545,-0.0441367414752375,-0.0441367414752375,-0.0545454545454545,-0.0545454545454545,-0.0441367414752375,-0.0545454545454545,0.382518426118725,-0.0441367414752375,-0.0441367414752375,-0.0545454545454545,-0.0717342149788216,-0.0635641726163728,-0.0545454545454545,-0.0635641726163728,-0.0545454545454545,-0.0441367414752375,-0.100092721392196,-0.0441367414752375,-0.0545454545454545,0.809173593712687,0.0728972541446915,-0.0441367414752375,-0.0545454545454545,-0.0441367414752375,-0.0717342149788216,-0.0441367414752375,-0.0441367414752375,-0.0865253200863353,-0.0441367414752375,-0.0441367414752375,-0.0635641726163728,0.152449373485448,-0.0441367414752375,-0.0441367414752375,-0.0545454545454545,-0.0441367414752375,-0.0545454545454545,-0.0441367414752375,-0.0717342149788216,-0.0441367414752375,-0.0441367414752375,-0.106600358177805,-0.112986536573206,-0.0441367414752375,-0.0545454545454545,-0.0441367414752375,-0.0865253200863353,-0.0441367414752375,-0.0635641726163728,-0.0717342149788216,0.362699327458761,-0.0545454545454545,-0.0441367414752375,-0.0545454545454545,-0.0941810099409828,-0.0441367414752375,-0.0441367414752375,0.243662661696096,-0.0441367414752375
"graduate students",-0.0357142857142857,-0.0357142857142857,-0.0357142857142857,NA,NA,-0.0441367414752375,-0.0357142857142857,NA,-0.0441367414752375,NA,NA,NA,-0.0441367414752375,-0.0357142857142857,-0.0357142857142857,NA,-0.0357142857142857,-0.0357142857142857,-0.0357142857142857,NA,-0.0357142857142857,NA,NA,-0.0357142857142857,NA,NA,NA,-0.0357142857142857,-0.0441367414752375,NA,-0.0357142857142857,NA,-0.0441367414752375,0.482142857142857,-0.0441367414752375,NA,-0.0357142857142857,-0.0357142857142857,-0.0441367414752375,NA,NA,0.382518426118725,NA,NA,NA,NA,-0.0357142857142857,NA,NA,NA,0.482142857142857,NA,-0.0357142857142857,NA,-0.0357142857142857,-0.0357142857142857,NA,-0.0357142857142857,NA,-0.051434449987364,-0.0700140042014005,NA,NA,NA,NA,NA,-0.0357142857142857,NA,NA,NA,NA,NA,-0.0357142857142857,NA,NA,NA,NA,NA,-0.0580454325265715,NA,-0.0441367414752375,-0.0357142857142857,NA,NA,-0.0357142857142857,NA,NA,-0.0357142857142857
"inclusion",NA,NA,NA,NA,NA,NA,NA,NA,NA,NA,NA,NA,NA,NA,0.482142857142857,NA,NA,-0.0357142857142857,-0.0357142857142857,NA,NA,NA,NA,NA,NA,NA,NA,NA,NA,NA,NA,NA,NA,NA,NA,NA,NA,NA,NA,NA,NA,NA,NA,NA,NA,NA,NA,NA,NA,NA,0.482142857142857,NA,NA,NA,NA,NA,NA,NA,NA,NA,NA,NA,NA,NA,NA,NA,NA,NA,NA,NA,NA,NA,-0.0357142857142857,NA,NA,NA,NA,NA,NA,NA,NA,NA,NA,NA,NA,NA,NA,-0.0357142857142857
"influence of technology",NA,-0.0357142857142857,-0.0357142857142857,NA,NA,NA,NA,NA,NA,NA,NA,NA,NA,-0.0357142857142857,-0.0357142857142857,NA,-0.0357142857142857,-0.0357142857142857,0.482142857142857,NA,-0.0357142857142857,NA,NA,0.482142857142857,NA,NA,NA,NA,NA,NA,NA,NA,NA,NA,-0.0441367414752375,NA,-0.0357142857142857,NA,NA,NA,NA,NA,NA,NA,NA,NA,NA,NA,NA,NA,-0.0357142857142857,NA,-0.0357142857142857,NA,-0.0357142857142857,-0.0357142857142857,NA,-0.0357142857142857,NA,NA,-0.0700140042014005,NA,NA,NA,NA,NA,-0.0357142857142857,NA,NA,NA,NA,NA,0.482142857142857,NA,NA,NA,NA,NA,NA,NA,NA,NA,NA,NA,-0.0357142857142857,NA,NA,-0.0357142857142857
"inquiry",-0.0441367414752375,0.382518426118725,-0.0441367414752375,NA,NA,-0.0545454545454545,-0.0441367414752375,NA,NA,NA,NA,NA,-0.0545454545454545,-0.0441367414752375,-0.0441367414752375,NA,-0.0441367414752375,-0.0441367414752375,-0.0441367414752375,NA,0.382518426118725,NA,NA,-0.0441367414752375,NA,NA,NA,-0.0441367414752375,-0.0545454545454545,NA,-0.0441367414752375,NA,-0.0545454545454545,-0.0441367414752375,-0.0545454545454545,NA,-0.0441367414752375,-0.0441367414752375,NA,NA,NA,-0.0545454545454545,NA,NA,NA,NA,-0.0441367414752375,NA,NA,NA,-0.0441367414752375,NA,-0.0441367414752375,NA,-0.0441367414752375,-0.0441367414752375,NA,-0.0441367414752375,NA,-0.0635641726163728,0.152449373485448,NA,NA,NA,NA,NA,-0.0441367414752375,NA,NA,NA,NA,NA,-0.0441367414752375,NA,NA,NA,NA,NA,-0.0717342149788216,NA,-0.0545454545454545,-0.0441367414752375,NA,NA,-0.0441367414752375,NA,NA,-0.0441367414752375
"instructional design",-0.0580454325265715,-0.0580454325265715,0.278618076127543,NA,-0.104332837946738,-0.0717342149788216,-0.0580454325265715,NA,-0.0717342149788216,-0.0580454325265715,-0.0580454325265715,-0.0717342149788216,-0.0717342149788216,-0.0580454325265715,-0.0580454325265715,-0.0717342149788216,-0.0580454325265715,-0.0580454325265715,-0.0580454325265715,NA,-0.0580454325265715,-0.0717342149788216,0.205638082939289,-0.0580454325265715,NA,NA,-0.0580454325265715,-0.0580454325265715,-0.0717342149788216,-0.0580454325265715,-0.0580454325265715,-0.0717342149788216,-0.0717342149788216,-0.0580454325265715,0.483010380857399,-0.0580454325265715,-0.0580454325265715,-0.0580454325265715,-0.0717342149788216,NA,0.158830456482248,-0.0717342149788216,0.158830456482248,NA,-0.0580454325265715,NA,-0.0580454325265715,0.205638082939289,-0.0580454325265715,0.449713547815574,-0.0580454325265715,0.205638082939289,-0.0580454325265715,NA,-0.0580454325265715,-0.0580454325265715,NA,-0.0580454325265715,-0.0580454325265715,-0.0835949770959199,-0.11379180839005,-0.0580454325265715,-0.0580454325265715,NA,-0.0580454325265715,-0.0717342149788216,-0.0580454325265715,-0.0943396226415095,-0.0580454325265715,NA,NA,NA,-0.0580454325265715,NA,0.278618076127543,-0.11379180839005,0.278618076127543,NA,-0.0943396226415095,-0.0628238341788164,-0.0717342149788216,-0.0580454325265715,-0.0717342149788216,NA,-0.0580454325265715,-0.0580454325265715,-0.0835949770959199,-0.0580454325265715
"instructional effectiveness",0.321465312421025,-0.051434449987364,0.321465312421025,NA,-0.0924500327042049,-0.0635641726163728,-0.051434449987364,NA,-0.0635641726163728,NA,-0.051434449987364,-0.0635641726163728,-0.0635641726163728,-0.051434449987364,-0.051434449987364,-0.0635641726163728,-0.051434449987364,-0.051434449987364,-0.051434449987364,NA,-0.051434449987364,-0.0635641726163728,-0.0635641726163728,-0.051434449987364,NA,NA,-0.051434449987364,-0.051434449987364,-0.0635641726163728,-0.051434449987364,-0.051434449987364,-0.0635641726163728,-0.0635641726163728,-0.051434449987364,0.243662661696096,-0.051434449987364,-0.051434449987364,-0.051434449987364,-0.0635641726163728,NA,NA,-0.0635641726163728,-0.0740740740740741,NA,-0.051434449987364,NA,-0.051434449987364,0.243662661696096,-0.051434449987364,NA,-0.051434449987364,-0.0635641726163728,0.321465312421025,NA,-0.051434449987364,-0.051434449987364,NA,-0.051434449987364,-0.051434449987364,-0.0740740740740741,-0.100831690330337,0.321465312421025,-0.051434449987364,NA,-0.051434449987364,-0.0635641726163728,-0.051434449987364,-0.0835949770959199,-0.051434449987364,NA,NA,NA,-0.051434449987364,NA,-0.051434449987364,-0.100831690330337,-0.051434449987364,NA,-0.0835949770959199,0.273188617680189,0.243662661696096,-0.051434449987364,0.243662661696096,NA,-0.051434449987364,-0.051434449987364,-0.0740740740740741,-0.051434449987364
"intention",-0.0441367414752375,-0.0441367414752375,-0.0441367414752375,NA,NA,-0.0545454545454545,NA,NA,NA,NA,NA,NA,-0.0545454545454545,-0.0441367414752375,-0.0441367414752375,NA,-0.0441367414752375,-0.0441367414752375,-0.0441367414752375,NA,-0.0441367414752375,NA,NA,-0.0441367414752375,NA,NA,NA,NA,-0.0545454545454545,NA,NA,NA,-0.0545454545454545,0.382518426118725,-0.0545454545454545,NA,-0.0441367414752375,-0.0441367414752375,NA,NA,NA,NA,NA,NA,NA,NA,NA,NA,NA,NA,0.382518426118725,NA,-0.0441367414752375,NA,-0.0441367414752375,-0.0441367414752375,NA,-0.0441367414752375,NA,NA,-0.0865253200863353,NA,NA,NA,NA,NA,-0.0441367414752375,NA,NA,NA,NA,NA,-0.0441367414752375,NA,NA,NA,NA,NA,0.205638082939289,NA,-0.0545454545454545,-0.0441367414752375,NA,NA,0.382518426118725,NA,NA,-0.0441367414752375
"interdisciplinary approach",-0.051434449987364,-0.051434449987364,-0.051434449987364,NA,-0.0924500327042049,-0.0635641726163728,-0.051434449987364,NA,-0.0635641726163728,NA,-0.051434449987364,-0.0635641726163728,-0.0635641726163728,-0.051434449987364,-0.051434449987364,NA,-0.051434449987364,-0.051434449987364,-0.051434449987364,NA,-0.051434449987364,-0.0635641726163728,-0.0635641726163728,-0.051434449987364,NA,NA,-0.051434449987364,-0.051434449987364,-0.0635641726163728,-0.051434449987364,-0.051434449987364,-0.0635641726163728,0.243662661696096,-0.051434449987364,-0.0635641726163728,-0.051434449987364,-0.051434449987364,-0.051434449987364,-0.0635641726163728,NA,NA,-0.0635641726163728,NA,NA,-0.051434449987364,NA,-0.051434449987364,-0.0635641726163728,-0.051434449987364,NA,-0.051434449987364,-0.0635641726163728,-0.051434449987364,NA,-0.051434449987364,-0.051434449987364,NA,-0.051434449987364,-0.051434449987364,0.194444444444444,-0.100831690330337,-0.051434449987364,-0.051434449987364,NA,-0.051434449987364,-0.0635641726163728,-0.051434449987364,-0.0835949770959199,-0.051434449987364,NA,NA,NA,-0.051434449987364,NA,0.321465312421025,0.316899598181058,-0.051434449987364,NA,-0.0835949770959199,-0.175253075492951,0.243662661696096,-0.051434449987364,0.243662661696096,NA,-0.051434449987364,-0.051434449987364,-0.0740740740740741,-0.051434449987364
"internet",-0.0441367414752375,-0.0441367414752375,-0.0441367414752375,NA,-0.0793328828021918,-0.0545454545454545,-0.0441367414752375,0.296969696969697,-0.0545454545454545,-0.0441367414752375,-0.0441367414752375,-0.0545454545454545,-0.0545454545454545,-0.0441367414752375,0.382518426118725,-0.0545454545454545,0.382518426118725,-0.0441367414752375,-0.0441367414752375,-0.0635641726163728,-0.0441367414752375,0.296969696969697,-0.0545454545454545,-0.0441367414752375,NA,NA,-0.0441367414752375,0.382518426118725,-0.0545454545454545,-0.0441367414752375,0.382518426118725,-0.0545454545454545,-0.0545454545454545,-0.0441367414752375,-0.0545454545454545,-0.0441367414752375,-0.0441367414752375,-0.0441367414752375,-0.0545454545454545,-0.0717342149788216,-0.0635641726163728,-0.0545454545454545,0.243662661696096,NA,-0.0441367414752375,-0.100092721392196,-0.0441367414752375,-0.0545454545454545,-0.0441367414752375,0.0728972541446915,-0.0441367414752375,-0.0545454545454545,-0.0441367414752375,NA,-0.0441367414752375,-0.0441367414752375,-0.0865253200863353,-0.0441367414752375,-0.0441367414752375,-0.0635641726163728,-0.0865253200863353,-0.0441367414752375,-0.0441367414752375,NA,-0.0441367414752375,-0.0545454545454545,-0.0441367414752375,-0.0717342149788216,-0.0441367414752375,NA,0.0994936676326182,NA,-0.0441367414752375,-0.0545454545454545,-0.0441367414752375,0.152449373485448,-0.0441367414752375,NA,0.205638082939289,-0.150387526019486,-0.0545454545454545,0.382518426118725,0.296969696969697,NA,-0.0441367414752375,0.382518426118725,-0.0635641726163728,0.382518426118725
"investigations",-0.0357142857142857,-0.0357142857142857,-0.0357142857142857,NA,0.246077283193775,-0.0441367414752375,0.482142857142857,NA,-0.0441367414752375,NA,-0.0357142857142857,NA,-0.0441367414752375,-0.0357142857142857,-0.0357142857142857,NA,-0.0357142857142857,-0.0357142857142857,-0.0357142857142857,NA,-0.0357142857142857,NA,-0.0441367414752375,-0.0357142857142857,NA,NA,-0.0357142857142857,-0.0357142857142857,-0.0441367414752375,-0.0357142857142857,-0.0357142857142857,-0.0441367414752375,-0.0441367414752375,-0.0357142857142857,-0.0441367414752375,-0.0357142857142857,-0.0357142857142857,-0.0357142857142857,-0.0441367414752375,NA,NA,0.382518426118725,NA,NA,NA,NA,-0.0357142857142857,-0.0441367414752375,NA,NA,-0.0357142857142857,-0.0441367414752375,-0.0357142857142857,NA,-0.0357142857142857,-0.0357142857142857,NA,-0.0357142857142857,-0.0357142857142857,-0.051434449987364,-0.0700140042014005,NA,NA,NA,-0.0357142857142857,NA,-0.0357142857142857,NA,-0.0357142857142857,NA,NA,NA,-0.0357142857142857,NA,-0.0357142857142857,0.220044013204402,-0.0357142857142857,NA,-0.0580454325265715,NA,-0.0441367414752375,-0.0357142857142857,-0.0441367414752375,NA,0.482142857142857,-0.0357142857142857,-0.051434449987364,-0.0357142857142857
"knowledge",-0.0809923870734058,-0.0809923870734058,-0.0809923870734058,NA,-0.145578475818591,0.114921272709558,-0.0809923870734058,NA,-0.100092721392196,-0.0809923870734058,-0.0809923870734058,-0.100092721392196,0.114921272709558,-0.0809923870734058,-0.0809923870734058,-0.100092721392196,0.179983082385346,0.179983082385346,0.179983082385346,NA,0.179983082385346,-0.100092721392196,-0.100092721392196,0.179983082385346,NA,NA,-0.0809923870734058,-0.0809923870734058,-0.100092721392196,-0.0809923870734058,-0.0809923870734058,-0.100092721392196,0.114921272709558,0.440958551844098,0.114921272709558,0.179983082385346,0.179983082385346,0.179983082385346,-0.100092721392196,-0.13163466789299,0.0712814475413094,0.114921272709558,0.0712814475413094,NA,-0.0809923870734058,NA,-0.0809923870734058,0.114921272709558,-0.0809923870734058,-0.218894536480821,0.179983082385346,-0.100092721392196,-0.0809923870734058,NA,0.179983082385346,0.179983082385346,NA,-0.0809923870734058,-0.0809923870734058,0.25920526378658,-0.158776837207489,-0.0809923870734058,-0.0809923870734058,NA,0.179983082385346,0.114921272709558,-0.0809923870734058,0.0380277929468636,-0.0809923870734058,NA,NA,NA,0.179983082385346,NA,0.179983082385346,-0.0126013362863087,0.179983082385346,NA,0.0380277929468636,-0.0667369016807312,0.114921272709558,-0.0809923870734058,-0.100092721392196,NA,-0.0809923870734058,-0.0809923870734058,-0.116642368703961,-0.0809923870734058
"language arts",-0.0357142857142857,-0.0357142857142857,-0.0357142857142857,NA,NA,-0.0441367414752375,-0.0357142857142857,NA,NA,NA,NA,NA,-0.0441367414752375,-0.0357142857142857,-0.0357142857142857,NA,-0.0357142857142857,-0.0357142857142857,-0.0357142857142857,NA,-0.0357142857142857,NA,NA,-0.0357142857142857,NA,NA,NA,-0.0357142857142857,-0.0441367414752375,NA,-0.0357142857142857,NA,0.382518426118725,-0.0357142857142857,-0.0441367414752375,NA,-0.0357142857142857,-0.0357142857142857,NA,NA,NA,-0.0441367414752375,NA,NA,NA,NA,NA,NA,NA,NA,-0.0357142857142857,NA,-0.0357142857142857,NA,-0.0357142857142857,-0.0357142857142857,NA,-0.0357142857142857,NA,NA,-0.0700140042014005,NA,NA,NA,NA,NA,-0.0357142857142857,NA,NA,NA,NA,NA,-0.0357142857142857,NA,NA,NA,NA,NA,-0.0580454325265715,NA,-0.0441367414752375,-0.0357142857142857,NA,NA,-0.0357142857142857,NA,NA,-0.0357142857142857
"learning activities",-0.0441367414752375,-0.0441367414752375,0.382518426118725,NA,NA,-0.0545454545454545,-0.0441367414752375,NA,-0.0545454545454545,NA,NA,NA,-0.0545454545454545,-0.0441367414752375,-0.0441367414752375,NA,-0.0441367414752375,0.382518426118725,-0.0441367414752375,NA,-0.0441367414752375,NA,NA,-0.0441367414752375,NA,NA,-0.0441367414752375,-0.0441367414752375,-0.0545454545454545,-0.0441367414752375,-0.0441367414752375,-0.0545454545454545,-0.0545454545454545,-0.0441367414752375,0.296969696969697,-0.0441367414752375,-0.0441367414752375,-0.0441367414752375,-0.0545454545454545,NA,NA,-0.0545454545454545,NA,NA,NA,NA,-0.0441367414752375,NA,NA,NA,-0.0441367414752375,NA,-0.0441367414752375,NA,-0.0441367414752375,0.382518426118725,NA,-0.0441367414752375,-0.0441367414752375,-0.0635641726163728,-0.0865253200863353,NA,NA,NA,NA,NA,-0.0441367414752375,NA,NA,NA,NA,NA,-0.0441367414752375,NA,-0.0441367414752375,0.152449373485448,NA,NA,0.205638082939289,NA,-0.0545454545454545,-0.0441367414752375,-0.0545454545454545,NA,-0.0441367414752375,-0.0441367414752375,0.243662661696096,-0.0441367414752375
"learning experience",-0.0357142857142857,-0.0357142857142857,-0.0357142857142857,NA,-0.0641940738766369,-0.0441367414752375,-0.0357142857142857,NA,-0.0441367414752375,NA,-0.0357142857142857,NA,0.382518426118725,-0.0357142857142857,-0.0357142857142857,NA,-0.0357142857142857,-0.0357142857142857,-0.0357142857142857,NA,-0.0357142857142857,-0.0441367414752375,-0.0441367414752375,-0.0357142857142857,NA,NA,-0.0357142857142857,-0.0357142857142857,-0.0441367414752375,-0.0357142857142857,-0.0357142857142857,-0.0441367414752375,-0.0441367414752375,-0.0357142857142857,-0.0441367414752375,0.482142857142857,-0.0357142857142857,-0.0357142857142857,-0.0441367414752375,NA,NA,-0.0441367414752375,NA,NA,-0.0357142857142857,NA,-0.0357142857142857,-0.0441367414752375,NA,NA,-0.0357142857142857,-0.0441367414752375,-0.0357142857142857,NA,-0.0357142857142857,-0.0357142857142857,NA,-0.0357142857142857,-0.0357142857142857,-0.051434449987364,0.220044013204402,-0.0357142857142857,-0.0357142857142857,NA,-0.0357142857142857,NA,-0.0357142857142857,NA,-0.0357142857142857,NA,NA,NA,-0.0357142857142857,NA,-0.0357142857142857,-0.0700140042014005,-0.0357142857142857,NA,-0.0580454325265715,NA,-0.0441367414752375,-0.0357142857142857,-0.0441367414752375,NA,-0.0357142857142857,-0.0357142857142857,0.321465312421025,-0.0357142857142857
"lesson plans",0.136741508568655,-0.096523417813168,0.136741508568655,NA,-0.0337350376980307,0.265080924162515,-0.096523417813168,NA,-0.119286415873132,-0.096523417813168,0.136741508568655,-0.119286415873132,0.265080924162515,-0.096523417813168,-0.096523417813168,-0.119286415873132,-0.096523417813168,0.136741508568655,0.136741508568655,NA,0.136741508568655,0.0728972541446915,-0.119286415873132,-0.096523417813168,NA,NA,-0.096523417813168,-0.096523417813168,0.0728972541446915,0.136741508568655,-0.096523417813168,-0.119286415873132,-0.119286415873132,-0.096523417813168,0.0728972541446915,-0.096523417813168,-0.096523417813168,-0.096523417813168,0.0728972541446915,NA,0.196930279942793,-0.119286415873132,0.196930279942793,NA,-0.096523417813168,NA,-0.096523417813168,0.0728972541446915,0.136741508568655,NA,-0.096523417813168,0.265080924162515,-0.096523417813168,NA,-0.096523417813168,-0.096523417813168,NA,-0.096523417813168,-0.096523417813168,-0.139009609371383,0.333394221695031,-0.096523417813168,-0.096523417813168,NA,-0.096523417813168,-0.119286415873132,-0.096523417813168,-0.156876819005433,-0.096523417813168,NA,NA,NA,-0.096523417813168,NA,-0.096523417813168,0.0720852371232499,-0.096523417813168,NA,-0.156876819005433,0.045141096430022,0.265080924162515,-0.096523417813168,0.265080924162515,NA,-0.096523417813168,-0.096523417813168,0.0289603352857048,-0.096523417813168
"literacy",NA,NA,NA,NA,NA,NA,NA,NA,NA,NA,NA,NA,NA,NA,0.482142857142857,NA,NA,NA,-0.0357142857142857,NA,NA,NA,NA,NA,NA,NA,NA,NA,NA,NA,NA,NA,NA,NA,NA,NA,NA,NA,NA,NA,NA,NA,NA,NA,NA,NA,NA,NA,NA,NA,NA,NA,NA,NA,NA,NA,NA,NA,NA,NA,NA,NA,NA,NA,NA,NA,NA,NA,NA,NA,NA,NA,NA,NA,NA,NA,NA,NA,NA,NA,NA,NA,NA,NA,NA,NA,NA,NA
"literacy education",-0.0441367414752375,-0.0441367414752375,-0.0441367414752375,NA,NA,-0.0545454545454545,-0.0441367414752375,NA,0.296969696969697,NA,-0.0441367414752375,NA,-0.0545454545454545,-0.0441367414752375,-0.0441367414752375,NA,-0.0441367414752375,-0.0441367414752375,-0.0441367414752375,NA,-0.0441367414752375,NA,NA,-0.0441367414752375,NA,NA,-0.0441367414752375,-0.0441367414752375,0.296969696969697,-0.0441367414752375,-0.0441367414752375,0.296969696969697,-0.0545454545454545,-0.0441367414752375,-0.0545454545454545,-0.0441367414752375,-0.0441367414752375,-0.0441367414752375,-0.0545454545454545,NA,NA,-0.0545454545454545,NA,NA,NA,NA,-0.0441367414752375,-0.0545454545454545,NA,NA,-0.0441367414752375,NA,-0.0441367414752375,NA,-0.0441367414752375,-0.0441367414752375,NA,-0.0441367414752375,-0.0441367414752375,-0.0635641726163728,0.391424067057231,NA,NA,NA,NA,NA,-0.0441367414752375,NA,NA,NA,NA,NA,-0.0441367414752375,NA,-0.0441367414752375,-0.0865253200863353,-0.0441367414752375,NA,-0.0717342149788216,NA,-0.0545454545454545,-0.0441367414752375,-0.0545454545454545,NA,-0.0441367414752375,-0.0441367414752375,-0.0635641726163728,-0.0441367414752375
"metacognition",NA,NA,NA,NA,NA,NA,NA,NA,NA,NA,NA,NA,NA,NA,-0.0357142857142857,NA,NA,-0.0357142857142857,-0.0357142857142857,NA,-0.0357142857142857,NA,NA,-0.0357142857142857,NA,NA,NA,NA,NA,NA,NA,NA,NA,NA,NA,NA,-0.0357142857142857,NA,NA,NA,NA,NA,NA,NA,NA,NA,NA,NA,NA,NA,-0.0357142857142857,NA,NA,NA,NA,NA,NA,NA,NA,NA,NA,NA,NA,NA,NA,NA,NA,NA,NA,NA,NA,NA,-0.0357142857142857,NA,NA,NA,NA,NA,NA,NA,NA,NA,NA,NA,NA,NA,NA,0.482142857142857
"methods courses",-0.0580454325265715,-0.0580454325265715,-0.0580454325265715,NA,0.0973773154169556,-0.0717342149788216,-0.0580454325265715,0.205638082939289,-0.0717342149788216,-0.0580454325265715,-0.0580454325265715,-0.0717342149788216,-0.0717342149788216,-0.0580454325265715,-0.0580454325265715,-0.0717342149788216,-0.0580454325265715,-0.0580454325265715,-0.0580454325265715,0.158830456482248,-0.0580454325265715,-0.0717342149788216,-0.0717342149788216,-0.0580454325265715,NA,-0.0580454325265715,-0.0580454325265715,-0.0580454325265715,-0.0717342149788216,0.278618076127543,-0.0580454325265715,-0.0717342149788216,-0.0717342149788216,-0.0580454325265715,-0.0717342149788216,-0.0580454325265715,-0.0580454325265715,-0.0580454325265715,0.205638082939289,-0.0943396226415095,-0.0835949770959199,-0.0717342149788216,-0.0835949770959199,-0.0717342149788216,-0.0580454325265715,-0.13163466789299,-0.0580454325265715,0.205638082939289,-0.0580454325265715,-0.156876819005433,-0.0580454325265715,-0.0717342149788216,-0.0580454325265715,NA,-0.0580454325265715,0.278618076127543,0.0747774740848897,0.278618076127543,0.278618076127543,0.158830456482248,-0.11379180839005,-0.0580454325265715,0.278618076127543,-0.0717342149788216,-0.0580454325265715,-0.0717342149788216,-0.0580454325265715,0.124528301886792,-0.0580454325265715,-0.0580454325265715,-0.140193038523011,0.00810500050425487,0.278618076127543,-0.0717342149788216,-0.0580454325265715,0.0747774740848897,-0.0580454325265715,-0.0835949770959199,0.343396226415094,0.207085971922765,-0.0717342149788216,-0.0580454325265715,-0.0717342149788216,0.163495219699501,0.278618076127543,-0.0580454325265715,0.158830456482248,-0.0580454325265715
"middle school students",NA,-0.0357142857142857,NA,NA,NA,NA,NA,NA,NA,NA,NA,NA,NA,-0.0357142857142857,-0.0357142857142857,NA,-0.0357142857142857,-0.0357142857142857,-0.0357142857142857,NA,-0.0357142857142857,NA,NA,-0.0357142857142857,NA,NA,NA,NA,NA,NA,NA,NA,NA,NA,NA,NA,-0.0357142857142857,NA,NA,NA,NA,NA,NA,NA,NA,NA,NA,NA,NA,NA,-0.0357142857142857,NA,-0.0357142857142857,NA,NA,-0.0357142857142857,NA,-0.0357142857142857,NA,NA,-0.0700140042014005,NA,NA,NA,NA,NA,-0.0357142857142857,NA,NA,NA,NA,NA,-0.0357142857142857,NA,NA,NA,NA,NA,NA,NA,NA,NA,NA,NA,-0.0357142857142857,NA,NA,-0.0357142857142857
"middle school teachers",NA,NA,NA,NA,NA,NA,NA,NA,NA,NA,NA,NA,NA,NA,-0.0357142857142857,NA,NA,-0.0357142857142857,-0.0357142857142857,NA,-0.0357142857142857,NA,NA,-0.0357142857142857,NA,NA,NA,NA,NA,NA,NA,NA,NA,NA,NA,NA,-0.0357142857142857,NA,NA,NA,NA,NA,NA,NA,NA,NA,NA,NA,NA,NA,-0.0357142857142857,NA,-0.0357142857142857,NA,NA,NA,NA,NA,NA,NA,NA,NA,NA,NA,NA,NA,NA,NA,NA,NA,NA,NA,-0.0357142857142857,NA,NA,NA,NA,NA,NA,NA,NA,NA,NA,NA,NA,NA,NA,-0.0357142857142857
"models",-0.0700140042014005,-0.0700140042014005,-0.0700140042014005,NA,-0.125845556426908,-0.0865253200863353,-0.0700140042014005,NA,-0.0865253200863353,0.220044013204402,-0.0700140042014005,-0.0865253200863353,-0.0865253200863353,-0.0700140042014005,-0.0700140042014005,0.152449373485448,-0.0700140042014005,-0.0700140042014005,-0.0700140042014005,NA,-0.0700140042014005,-0.0865253200863353,-0.0865253200863353,0.220044013204402,NA,NA,-0.0700140042014005,-0.0700140042014005,0.391424067057231,-0.0700140042014005,-0.0700140042014005,0.391424067057231,0.152449373485448,-0.0700140042014005,-0.0865253200863353,-0.0700140042014005,-0.0700140042014005,-0.0700140042014005,-0.0865253200863353,0.263346756559829,-0.100831690330337,-0.0865253200863353,0.108033953925361,NA,-0.0700140042014005,-0.158776837207489,0.220044013204402,-0.0865253200863353,-0.0700140042014005,0.0720852371232499,-0.0700140042014005,-0.0865253200863353,-0.0700140042014005,NA,-0.0700140042014005,-0.0700140042014005,NA,0.220044013204402,-0.0700140042014005,0.108033953925361,0.0252100840336134,-0.0700140042014005,-0.0700140042014005,NA,-0.0700140042014005,-0.0865253200863353,0.510102030610204,-0.11379180839005,-0.0700140042014005,NA,NA,NA,-0.0700140042014005,-0.0865253200863353,-0.0700140042014005,0.0252100840336134,-0.0700140042014005,NA,0.0747774740848897,-0.122286731682502,-0.0865253200863353,-0.0700140042014005,-0.0865253200863353,NA,-0.0700140042014005,-0.0700140042014005,0.108033953925361,-0.0700140042014005
"professional development",NA,NA,NA,NA,NA,NA,NA,NA,NA,NA,NA,NA,NA,NA,-0.0357142857142857,NA,-0.0357142857142857,-0.0357142857142857,-0.0357142857142857,NA,-0.0357142857142857,NA,NA,-0.0357142857142857,NA,NA,NA,NA,NA,NA,NA,NA,NA,NA,NA,NA,-0.0357142857142857,NA,NA,NA,NA,NA,NA,NA,NA,NA,NA,NA,NA,NA,-0.0357142857142857,NA,-0.0357142857142857,NA,NA,-0.0357142857142857,NA,NA,NA,NA,-0.0700140042014005,NA,NA,NA,NA,NA,-0.0357142857142857,NA,NA,NA,NA,NA,-0.0357142857142857,NA,NA,NA,NA,NA,NA,NA,NA,NA,NA,NA,NA,NA,NA,-0.0357142857142857
"program descriptions",-0.0357142857142857,-0.0357142857142857,-0.0357142857142857,NA,NA,-0.0441367414752375,-0.0357142857142857,NA,-0.0441367414752375,NA,NA,NA,-0.0441367414752375,0.482142857142857,0.482142857142857,NA,-0.0357142857142857,-0.0357142857142857,-0.0357142857142857,NA,-0.0357142857142857,NA,NA,-0.0357142857142857,NA,NA,NA,-0.0357142857142857,-0.0441367414752375,NA,-0.0357142857142857,NA,-0.0441367414752375,-0.0357142857142857,-0.0441367414752375,-0.0357142857142857,0.482142857142857,-0.0357142857142857,-0.0441367414752375,NA,NA,-0.0441367414752375,NA,NA,NA,NA,-0.0357142857142857,NA,NA,NA,0.482142857142857,NA,-0.0357142857142857,NA,-0.0357142857142857,-0.0357142857142857,NA,-0.0357142857142857,NA,-0.051434449987364,0.220044013204402,NA,NA,NA,NA,NA,-0.0357142857142857,NA,NA,NA,NA,NA,0.482142857142857,NA,NA,NA,NA,NA,-0.0580454325265715,NA,-0.0441367414752375,-0.0357142857142857,NA,NA,-0.0357142857142857,NA,NA,-0.0357142857142857
"program effectiveness",-0.051434449987364,-0.051434449987364,-0.051434449987364,NA,NA,-0.0635641726163728,-0.051434449987364,NA,NA,NA,NA,NA,-0.0635641726163728,-0.051434449987364,-0.051434449987364,NA,-0.051434449987364,-0.051434449987364,-0.051434449987364,NA,-0.051434449987364,NA,NA,0.321465312421025,NA,NA,NA,-0.051434449987364,-0.0635641726163728,NA,-0.051434449987364,NA,0.243662661696096,-0.051434449987364,-0.0635641726163728,NA,0.321465312421025,-0.051434449987364,NA,NA,NA,-0.0635641726163728,NA,NA,NA,NA,-0.051434449987364,NA,NA,NA,-0.051434449987364,NA,-0.051434449987364,NA,-0.051434449987364,-0.051434449987364,NA,-0.051434449987364,NA,NA,0.108033953925361,NA,NA,NA,NA,NA,-0.051434449987364,NA,NA,NA,NA,NA,-0.051434449987364,NA,NA,NA,NA,NA,-0.0835949770959199,NA,0.243662661696096,-0.051434449987364,NA,NA,0.321465312421025,NA,NA,-0.051434449987364
"reflection",NA,NA,NA,NA,NA,NA,NA,NA,NA,NA,NA,NA,NA,NA,0.220044013204402,NA,NA,-0.0700140042014005,-0.0700140042014005,NA,0.220044013204402,NA,NA,0.220044013204402,NA,NA,NA,NA,NA,NA,NA,NA,NA,NA,NA,NA,0.220044013204402,NA,NA,NA,NA,NA,NA,NA,NA,NA,NA,NA,NA,NA,0.220044013204402,NA,-0.0700140042014005,NA,NA,-0.0700140042014005,NA,NA,NA,NA,NA,NA,NA,NA,NA,NA,NA,NA,NA,NA,NA,NA,-0.0700140042014005,NA,NA,NA,NA,NA,NA,NA,NA,NA,NA,NA,NA,NA,NA,-0.0700140042014005
"scaffolding",0.482142857142857,-0.0357142857142857,-0.0357142857142857,NA,-0.0641940738766369,-0.0441367414752375,-0.0357142857142857,NA,-0.0441367414752375,NA,-0.0357142857142857,NA,-0.0441367414752375,-0.0357142857142857,-0.0357142857142857,NA,-0.0357142857142857,-0.0357142857142857,-0.0357142857142857,NA,-0.0357142857142857,NA,-0.0441367414752375,-0.0357142857142857,NA,NA,-0.0357142857142857,-0.0357142857142857,-0.0441367414752375,-0.0357142857142857,-0.0357142857142857,-0.0441367414752375,-0.0441367414752375,-0.0357142857142857,-0.0441367414752375,-0.0357142857142857,-0.0357142857142857,-0.0357142857142857,-0.0441367414752375,NA,NA,-0.0441367414752375,NA,NA,-0.0357142857142857,NA,-0.0357142857142857,-0.0441367414752375,NA,NA,-0.0357142857142857,-0.0441367414752375,0.482142857142857,NA,-0.0357142857142857,-0.0357142857142857,NA,-0.0357142857142857,-0.0357142857142857,-0.051434449987364,-0.0700140042014005,NA,NA,NA,-0.0357142857142857,NA,-0.0357142857142857,NA,-0.0357142857142857,NA,NA,NA,-0.0357142857142857,NA,-0.0357142857142857,-0.0700140042014005,-0.0357142857142857,NA,-0.0580454325265715,NA,-0.0441367414752375,-0.0357142857142857,0.382518426118725,NA,-0.0357142857142857,-0.0357142857142857,-0.051434449987364,-0.0357142857142857
"science education",-0.0357142857142857,-0.0357142857142857,0.482142857142857,NA,-0.0641940738766369,-0.0441367414752375,-0.0357142857142857,NA,-0.0441367414752375,NA,-0.0357142857142857,NA,-0.0441367414752375,-0.0357142857142857,-0.0357142857142857,NA,-0.0357142857142857,-0.0357142857142857,-0.0357142857142857,NA,-0.0357142857142857,-0.0441367414752375,-0.0441367414752375,-0.0357142857142857,NA,NA,0.482142857142857,-0.0357142857142857,-0.0441367414752375,-0.0357142857142857,-0.0357142857142857,-0.0441367414752375,-0.0441367414752375,-0.0357142857142857,-0.0441367414752375,-0.0357142857142857,-0.0357142857142857,-0.0357142857142857,-0.0441367414752375,NA,NA,-0.0441367414752375,NA,NA,-0.0357142857142857,NA,-0.0357142857142857,0.382518426118725,NA,NA,-0.0357142857142857,-0.0441367414752375,-0.0357142857142857,NA,-0.0357142857142857,0.482142857142857,NA,-0.0357142857142857,-0.0357142857142857,-0.051434449987364,-0.0700140042014005,-0.0357142857142857,NA,NA,-0.0357142857142857,NA,-0.0357142857142857,NA,0.482142857142857,NA,NA,NA,-0.0357142857142857,NA,-0.0357142857142857,0.220044013204402,-0.0357142857142857,NA,0.278618076127543,NA,-0.0441367414752375,-0.0357142857142857,-0.0441367414752375,NA,-0.0357142857142857,-0.0357142857142857,0.694365074829414,-0.0357142857142857
"science teachers",-0.0441367414752375,-0.0441367414752375,-0.0441367414752375,NA,-0.0793328828021918,-0.0545454545454545,-0.0441367414752375,-0.0545454545454545,-0.0545454545454545,-0.0441367414752375,0.382518426118725,-0.0545454545454545,-0.0545454545454545,-0.0441367414752375,-0.0441367414752375,-0.0545454545454545,0.382518426118725,-0.0441367414752375,-0.0441367414752375,-0.0635641726163728,0.382518426118725,-0.0545454545454545,-0.0545454545454545,-0.0441367414752375,NA,-0.0441367414752375,-0.0441367414752375,-0.0441367414752375,-0.0545454545454545,-0.0441367414752375,-0.0441367414752375,-0.0545454545454545,0.296969696969697,-0.0441367414752375,0.296969696969697,-0.0441367414752375,-0.0441367414752375,-0.0441367414752375,0.296969696969697,-0.0717342149788216,-0.0635641726163728,-0.0545454545454545,0.243662661696096,-0.0545454545454545,-0.0441367414752375,0.329935266811312,-0.0441367414752375,-0.0545454545454545,-0.0441367414752375,0.0728972541446915,-0.0441367414752375,-0.0545454545454545,-0.0441367414752375,NA,-0.0441367414752375,0.382518426118725,-0.0865253200863353,-0.0441367414752375,-0.0441367414752375,0.243662661696096,0.152449373485448,-0.0441367414752375,-0.0441367414752375,NA,0.382518426118725,0.296969696969697,-0.0441367414752375,-0.0717342149788216,-0.0441367414752375,NA,-0.106600358177805,NA,-0.0441367414752375,-0.0545454545454545,0.382518426118725,0.152449373485448,-0.0441367414752375,-0.0635641726163728,0.205638082939289,0.0206414251399295,0.296969696969697,-0.0441367414752375,-0.0545454545454545,NA,-0.0441367414752375,-0.0441367414752375,-0.0635641726163728,-0.0441367414752375
"secondary school science",-0.0357142857142857,0.482142857142857,-0.0357142857142857,NA,NA,-0.0441367414752375,-0.0357142857142857,NA,-0.0441367414752375,NA,-0.0357142857142857,NA,-0.0441367414752375,-0.0357142857142857,-0.0357142857142857,NA,0.482142857142857,-0.0357142857142857,-0.0357142857142857,NA,-0.0357142857142857,NA,NA,-0.0357142857142857,NA,NA,-0.0357142857142857,-0.0357142857142857,-0.0441367414752375,-0.0357142857142857,-0.0357142857142857,-0.0441367414752375,-0.0441367414752375,-0.0357142857142857,0.382518426118725,-0.0357142857142857,-0.0357142857142857,-0.0357142857142857,0.382518426118725,NA,NA,-0.0441367414752375,NA,NA,NA,NA,-0.0357142857142857,-0.0441367414752375,NA,NA,-0.0357142857142857,-0.0441367414752375,-0.0357142857142857,NA,-0.0357142857142857,0.482142857142857,NA,-0.0357142857142857,-0.0357142857142857,-0.051434449987364,-0.0700140042014005,NA,NA,NA,NA,NA,-0.0357142857142857,NA,NA,NA,NA,NA,-0.0357142857142857,NA,-0.0357142857142857,-0.0700140042014005,-0.0357142857142857,NA,0.278618076127543,NA,-0.0441367414752375,-0.0357142857142857,-0.0441367414752375,NA,-0.0357142857142857,-0.0357142857142857,-0.051434449987364,-0.0357142857142857
"secondary school teachers",-0.0441367414752375,-0.0441367414752375,-0.0441367414752375,NA,-0.0793328828021918,-0.0545454545454545,-0.0441367414752375,NA,0.296969696969697,NA,-0.0441367414752375,NA,-0.0545454545454545,0.382518426118725,0.382518426118725,NA,0.382518426118725,-0.0441367414752375,-0.0441367414752375,NA,-0.0441367414752375,0.296969696969697,0.296969696969697,-0.0441367414752375,NA,NA,-0.0441367414752375,-0.0441367414752375,-0.0545454545454545,-0.0441367414752375,-0.0441367414752375,0.296969696969697,-0.0545454545454545,-0.0441367414752375,0.296969696969697,-0.0441367414752375,0.382518426118725,-0.0441367414752375,-0.0545454545454545,NA,NA,-0.0545454545454545,NA,NA,-0.0441367414752375,NA,-0.0441367414752375,-0.0545454545454545,-0.0441367414752375,NA,0.382518426118725,0.296969696969697,-0.0441367414752375,NA,-0.0441367414752375,0.382518426118725,NA,-0.0441367414752375,0.382518426118725,-0.0635641726163728,0.391424067057231,-0.0441367414752375,-0.0441367414752375,NA,0.382518426118725,NA,-0.0441367414752375,NA,-0.0441367414752375,NA,NA,NA,-0.0441367414752375,NA,-0.0441367414752375,-0.0865253200863353,-0.0441367414752375,NA,0.205638082939289,NA,-0.0545454545454545,-0.0441367414752375,-0.0545454545454545,NA,-0.0441367414752375,-0.0441367414752375,-0.0635641726163728,-0.0441367414752375
"self determination",NA,NA,NA,NA,NA,NA,NA,NA,NA,NA,NA,NA,NA,NA,-0.0357142857142857,NA,-0.0357142857142857,-0.0357142857142857,-0.0357142857142857,NA,-0.0357142857142857,NA,NA,-0.0357142857142857,NA,NA,NA,NA,NA,NA,NA,NA,NA,NA,NA,NA,-0.0357142857142857,NA,NA,NA,NA,NA,NA,NA,NA,NA,NA,NA,NA,NA,-0.0357142857142857,NA,-0.0357142857142857,NA,NA,-0.0357142857142857,NA,NA,NA,NA,-0.0700140042014005,NA,NA,NA,NA,NA,NA,NA,NA,NA,NA,NA,-0.0357142857142857,NA,NA,NA,NA,NA,NA,NA,NA,NA,NA,NA,NA,NA,NA,-0.0357142857142857
"self efficacy",-0.0580454325265715,-0.0580454325265715,-0.0580454325265715,NA,0.0973773154169556,-0.0717342149788216,0.278618076127543,NA,-0.0717342149788216,NA,-0.0580454325265715,-0.0717342149788216,0.205638082939289,0.278618076127543,-0.0580454325265715,NA,-0.0580454325265715,-0.0580454325265715,-0.0580454325265715,NA,0.278618076127543,-0.0717342149788216,-0.0717342149788216,-0.0580454325265715,NA,NA,-0.0580454325265715,-0.0580454325265715,-0.0717342149788216,-0.0580454325265715,-0.0580454325265715,-0.0717342149788216,-0.0717342149788216,-0.0580454325265715,-0.0717342149788216,-0.0580454325265715,-0.0580454325265715,-0.0580454325265715,-0.0717342149788216,NA,NA,0.205638082939289,NA,NA,0.278618076127543,NA,-0.0580454325265715,-0.0717342149788216,-0.0580454325265715,NA,-0.0580454325265715,-0.0717342149788216,-0.0580454325265715,NA,-0.0580454325265715,-0.0580454325265715,NA,-0.0580454325265715,0.278618076127543,-0.0835949770959199,-0.11379180839005,0.278618076127543,-0.0580454325265715,NA,-0.0580454325265715,-0.0717342149788216,-0.0580454325265715,NA,-0.0580454325265715,NA,NA,NA,0.278618076127543,NA,-0.0580454325265715,0.0747774740848897,-0.0580454325265715,NA,-0.0943396226415095,-0.0628238341788164,-0.0717342149788216,-0.0580454325265715,-0.0717342149788216,NA,0.278618076127543,-0.0580454325265715,-0.0835949770959199,-0.0580454325265715
"simulated environment",-0.0357142857142857,-0.0357142857142857,0.482142857142857,NA,NA,-0.0441367414752375,-0.0357142857142857,NA,-0.0441367414752375,NA,-0.0357142857142857,NA,-0.0441367414752375,-0.0357142857142857,-0.0357142857142857,NA,-0.0357142857142857,-0.0357142857142857,-0.0357142857142857,NA,-0.0357142857142857,NA,-0.0441367414752375,-0.0357142857142857,NA,NA,0.482142857142857,-0.0357142857142857,-0.0441367414752375,-0.0357142857142857,-0.0357142857142857,-0.0441367414752375,-0.0441367414752375,-0.0357142857142857,-0.0441367414752375,-0.0357142857142857,-0.0357142857142857,-0.0357142857142857,-0.0441367414752375,NA,NA,-0.0441367414752375,NA,NA,NA,NA,0.482142857142857,-0.0441367414752375,NA,NA,-0.0357142857142857,-0.0441367414752375,-0.0357142857142857,NA,-0.0357142857142857,-0.0357142857142857,NA,-0.0357142857142857,-0.0357142857142857,-0.051434449987364,-0.0700140042014005,NA,NA,NA,-0.0357142857142857,NA,-0.0357142857142857,NA,NA,NA,NA,NA,-0.0357142857142857,NA,-0.0357142857142857,-0.0700140042014005,-0.0357142857142857,NA,-0.0580454325265715,NA,-0.0441367414752375,-0.0357142857142857,-0.0441367414752375,NA,-0.0357142857142857,-0.0357142857142857,0.321465312421025,-0.0357142857142857
"special education teachers",0.482142857142857,-0.0357142857142857,-0.0357142857142857,NA,-0.0641940738766369,0.382518426118725,-0.0357142857142857,-0.0441367414752375,-0.0441367414752375,-0.0357142857142857,-0.0357142857142857,-0.0441367414752375,-0.0441367414752375,-0.0357142857142857,-0.0357142857142857,-0.0441367414752375,-0.0357142857142857,0.482142857142857,0.482142857142857,-0.051434449987364,-0.0357142857142857,-0.0441367414752375,-0.0441367414752375,-0.0357142857142857,NA,-0.0357142857142857,-0.0357142857142857,-0.0357142857142857,-0.0441367414752375,-0.0357142857142857,-0.0357142857142857,-0.0441367414752375,-0.0441367414752375,-0.0357142857142857,-0.0441367414752375,-0.0357142857142857,0.482142857142857,-0.0357142857142857,-0.0441367414752375,-0.0580454325265715,-0.051434449987364,-0.0441367414752375,-0.051434449987364,-0.0441367414752375,-0.0357142857142857,0.179983082385346,-0.0357142857142857,-0.0441367414752375,-0.0357142857142857,0.136741508568655,-0.0357142857142857,-0.0441367414752375,-0.0357142857142857,NA,-0.0357142857142857,-0.0357142857142857,-0.0700140042014005,-0.0357142857142857,-0.0357142857142857,0.321465312421025,-0.0700140042014005,-0.0357142857142857,-0.0357142857142857,-0.0441367414752375,-0.0357142857142857,-0.0441367414752375,-0.0357142857142857,-0.0580454325265715,-0.0357142857142857,NA,-0.0862581949177943,NA,-0.0357142857142857,-0.0441367414752375,-0.0357142857142857,-0.0700140042014005,-0.0357142857142857,-0.051434449987364,-0.0580454325265715,-0.121689614878748,0.382518426118725,-0.0357142857142857,-0.0441367414752375,NA,-0.0357142857142857,-0.0357142857142857,-0.051434449987364,-0.0357142857142857
"specific_technologies",-0.0862581949177943,-0.0862581949177943,-0.0862581949177943,NA,-0.155043418236511,-0.106600358177805,-0.0862581949177943,-0.106600358177805,0.511681719253465,-0.0862581949177943,-0.0862581949177943,-0.106600358177805,-0.106600358177805,0.163890570343809,-0.0862581949177943,0.0994936676326182,-0.0862581949177943,-0.0862581949177943,-0.0862581949177943,-0.124225998749988,-0.0862581949177943,0.0994936676326182,0.0994936676326182,-0.0862581949177943,NA,NA,0.163890570343809,-0.0862581949177943,0.0994936676326182,-0.0862581949177943,-0.0862581949177943,0.305587693443042,0.0994936676326182,-0.0862581949177943,-0.106600358177805,-0.0862581949177943,-0.0862581949177943,-0.0862581949177943,-0.106600358177805,0.0224308861636818,-0.124225998749988,0.0994936676326182,0.0559016994374947,NA,-0.0862581949177943,-0.0695520707943068,0.163890570343809,-0.106600358177805,-0.0862581949177943,0.104906790927035,-0.0862581949177943,0.511681719253465,-0.0862581949177943,NA,0.414039335605412,-0.0862581949177943,-0.0289885517826224,-0.0862581949177943,-0.0862581949177943,-0.124225998749988,0.111122781833386,-0.0862581949177943,-0.0862581949177943,NA,-0.0862581949177943,0.0994936676326182,-0.0862581949177943,0.0224308861636818,-0.0862581949177943,NA,NA,NA,-0.0862581949177943,-0.106600358177805,-0.0862581949177943,-0.0289885517826224,-0.0862581949177943,NA,0.0224308861636818,0.107190101400992,-0.106600358177805,0.163890570343809,0.0994936676326182,NA,-0.0862581949177943,-0.0862581949177943,-0.124225998749988,-0.0862581949177943
"stem education",0.149605726647422,0.149605726647422,-0.0914257218400914,NA,0.124493717558163,0.284178258653822,-0.0914257218400914,-0.112986536573206,-0.112986536573206,-0.0914257218400914,0.149605726647422,-0.112986536573206,0.0855958610403079,0.149605726647422,0.149605726647422,0.0855958610403079,-0.0914257218400914,0.149605726647422,0.149605726647422,0.215456871421962,0.149605726647422,0.0855958610403079,-0.112986536573206,-0.0914257218400914,NA,0.149605726647422,-0.0914257218400914,-0.0914257218400914,-0.112986536573206,0.390637175134936,-0.0914257218400914,-0.112986536573206,0.0855958610403079,-0.0914257218400914,-0.112986536573206,-0.0914257218400914,0.390637175134936,-0.0914257218400914,0.482760656267337,-0.148591675911339,-0.131668088091199,-0.112986536573206,0.215456871421962,-0.112986536573206,-0.0914257218400914,0.157071248976265,-0.0914257218400914,-0.112986536573206,-0.0914257218400914,0.187191097079671,0.149605726647422,-0.112986536573206,-0.0914257218400914,NA,0.149605726647422,-0.0914257218400914,-0.17923026444479,-0.0914257218400914,0.149605726647422,0.215456871421962,0.225783579884996,-0.0914257218400914,-0.0914257218400914,0.284178258653822,0.149605726647422,0.0855958610403079,-0.0914257218400914,-0.148591675911339,-0.0914257218400914,0.390637175134936,-0.10438484565577,NA,-0.0914257218400914,-0.112986536573206,0.149605726647422,0.0907789651084004,-0.0914257218400914,-0.131668088091199,-0.148591675911339,0.0749636722445061,0.284178258653822,-0.0914257218400914,0.0855958610403079,0.186980841896628,-0.0914257218400914,-0.0914257218400914,-0.131668088091199,-0.0914257218400914
"student teacher evaluation",NA,NA,NA,NA,NA,NA,NA,NA,NA,NA,NA,NA,NA,NA,-0.0357142857142857,NA,NA,-0.0357142857142857,0.482142857142857,NA,NA,NA,NA,NA,NA,NA,NA,NA,NA,NA,NA,NA,NA,NA,NA,NA,NA,NA,NA,NA,NA,NA,NA,NA,NA,NA,NA,NA,NA,NA,-0.0357142857142857,NA,NA,NA,NA,NA,NA,NA,NA,NA,NA,NA,NA,NA,NA,NA,NA,NA,NA,NA,NA,NA,NA,NA,NA,NA,NA,NA,NA,NA,NA,NA,NA,NA,NA,NA,NA,NA
"student teaching",-0.0441367414752375,-0.0441367414752375,-0.0441367414752375,NA,-0.0793328828021918,-0.0545454545454545,0.382518426118725,NA,-0.0545454545454545,-0.0441367414752375,-0.0441367414752375,-0.0545454545454545,-0.0545454545454545,-0.0441367414752375,-0.0441367414752375,-0.0545454545454545,-0.0441367414752375,-0.0441367414752375,-0.0441367414752375,NA,-0.0441367414752375,-0.0545454545454545,0.648484848484848,-0.0441367414752375,NA,NA,-0.0441367414752375,-0.0441367414752375,-0.0545454545454545,-0.0441367414752375,-0.0441367414752375,-0.0545454545454545,-0.0545454545454545,-0.0441367414752375,0.296969696969697,-0.0441367414752375,-0.0441367414752375,-0.0441367414752375,-0.0545454545454545,0.205638082939289,-0.0635641726163728,-0.0545454545454545,-0.0635641726163728,NA,-0.0441367414752375,-0.100092721392196,-0.0441367414752375,-0.0545454545454545,-0.0441367414752375,-0.119286415873132,-0.0441367414752375,-0.0545454545454545,-0.0441367414752375,NA,-0.0441367414752375,-0.0441367414752375,NA,0.382518426118725,-0.0441367414752375,-0.0635641726163728,-0.0865253200863353,-0.0441367414752375,-0.0441367414752375,NA,-0.0441367414752375,-0.0545454545454545,-0.0441367414752375,-0.0717342149788216,-0.0441367414752375,NA,NA,NA,-0.0441367414752375,NA,0.382518426118725,-0.0865253200863353,0.382518426118725,NA,-0.0717342149788216,0.0206414251399295,-0.0545454545454545,-0.0441367414752375,-0.0545454545454545,NA,-0.0441367414752375,-0.0441367414752375,-0.0635641726163728,-0.0441367414752375
"teacher certification",-0.0357142857142857,-0.0357142857142857,-0.0357142857142857,NA,NA,-0.0441367414752375,-0.0357142857142857,NA,-0.0441367414752375,NA,NA,NA,-0.0441367414752375,-0.0357142857142857,-0.0357142857142857,NA,-0.0357142857142857,-0.0357142857142857,-0.0357142857142857,NA,-0.0357142857142857,NA,NA,-0.0357142857142857,NA,NA,NA,-0.0357142857142857,-0.0441367414752375,NA,-0.0357142857142857,NA,0.382518426118725,-0.0357142857142857,0.382518426118725,-0.0357142857142857,-0.0357142857142857,-0.0357142857142857,-0.0441367414752375,NA,NA,-0.0441367414752375,NA,NA,NA,NA,-0.0357142857142857,NA,NA,NA,-0.0357142857142857,NA,-0.0357142857142857,NA,-0.0357142857142857,-0.0357142857142857,NA,-0.0357142857142857,-0.0357142857142857,0.321465312421025,-0.0700140042014005,NA,NA,NA,NA,NA,-0.0357142857142857,NA,NA,NA,NA,NA,-0.0357142857142857,NA,NA,NA,NA,NA,-0.0580454325265715,NA,0.382518426118725,-0.0357142857142857,NA,NA,-0.0357142857142857,NA,NA,-0.0357142857142857
"teacher competencies",-0.0700140042014005,-0.0700140042014005,-0.0700140042014005,NA,NA,-0.0865253200863353,0.220044013204402,NA,-0.0865253200863353,NA,NA,NA,-0.0865253200863353,-0.0700140042014005,-0.0700140042014005,NA,-0.0700140042014005,-0.0700140042014005,-0.0700140042014005,NA,-0.0700140042014005,NA,NA,0.220044013204402,NA,NA,NA,-0.0700140042014005,-0.0865253200863353,NA,-0.0700140042014005,0.152449373485448,0.152449373485448,-0.0700140042014005,-0.0865253200863353,-0.0700140042014005,-0.0700140042014005,-0.0700140042014005,-0.0865253200863353,NA,NA,0.152449373485448,NA,NA,NA,NA,-0.0700140042014005,NA,NA,NA,-0.0700140042014005,NA,-0.0700140042014005,NA,-0.0700140042014005,0.220044013204402,NA,-0.0700140042014005,-0.0700140042014005,0.316899598181058,0.0252100840336134,NA,NA,NA,NA,NA,-0.0700140042014005,NA,NA,NA,NA,NA,-0.0700140042014005,NA,0.220044013204402,NA,NA,NA,0.0747774740848897,NA,0.152449373485448,-0.0700140042014005,NA,NA,0.220044013204402,-0.0700140042014005,NA,-0.0700140042014005
"teacher competency testing",-0.0357142857142857,-0.0357142857142857,-0.0357142857142857,NA,NA,0.382518426118725,-0.0357142857142857,NA,-0.0441367414752375,NA,-0.0357142857142857,NA,-0.0441367414752375,-0.0357142857142857,-0.0357142857142857,NA,-0.0357142857142857,-0.0357142857142857,0.482142857142857,NA,-0.0357142857142857,NA,NA,0.482142857142857,NA,NA,-0.0357142857142857,-0.0357142857142857,-0.0441367414752375,-0.0357142857142857,-0.0357142857142857,-0.0441367414752375,-0.0441367414752375,0.482142857142857,0.382518426118725,-0.0357142857142857,-0.0357142857142857,0.482142857142857,-0.0441367414752375,NA,NA,-0.0441367414752375,NA,NA,NA,NA,-0.0357142857142857,-0.0441367414752375,NA,NA,-0.0357142857142857,NA,-0.0357142857142857,NA,-0.0357142857142857,-0.0357142857142857,NA,-0.0357142857142857,-0.0357142857142857,-0.051434449987364,-0.0700140042014005,NA,NA,NA,NA,NA,-0.0357142857142857,NA,NA,NA,NA,NA,0.482142857142857,NA,0.482142857142857,-0.0700140042014005,NA,NA,-0.0580454325265715,NA,-0.0441367414752375,-0.0357142857142857,-0.0441367414752375,NA,-0.0357142857142857,-0.0357142857142857,-0.051434449987364,-0.0357142857142857
"teacher education curriculum",-0.051434449987364,-0.051434449987364,-0.051434449987364,NA,-0.0924500327042049,0.243662661696096,-0.051434449987364,-0.0635641726163728,-0.0635641726163728,-0.051434449987364,-0.051434449987364,-0.0635641726163728,-0.0635641726163728,-0.051434449987364,-0.051434449987364,-0.0635641726163728,-0.051434449987364,-0.051434449987364,0.321465312421025,0.462962962962963,-0.051434449987364,-0.0635641726163728,0.243662661696096,0.321465312421025,NA,NA,0.321465312421025,-0.051434449987364,-0.0635641726163728,-0.051434449987364,-0.051434449987364,-0.0635641726163728,-0.0635641726163728,0.321465312421025,0.243662661696096,-0.051434449987364,-0.051434449987364,0.321465312421025,-0.0635641726163728,0.158830456482248,-0.0740740740740741,0.243662661696096,-0.0740740740740741,-0.0635641726163728,-0.051434449987364,0.0712814475413094,-0.051434449987364,-0.0635641726163728,-0.051434449987364,-0.139009609371383,-0.051434449987364,-0.0635641726163728,-0.051434449987364,NA,-0.051434449987364,-0.051434449987364,-0.100831690330337,-0.051434449987364,-0.051434449987364,-0.0740740740740741,-0.100831690330337,-0.051434449987364,-0.051434449987364,NA,-0.051434449987364,-0.0635641726163728,-0.051434449987364,-0.0835949770959199,-0.051434449987364,NA,0.0559016994374947,NA,0.321465312421025,0.243662661696096,0.321465312421025,-0.100831690330337,0.694365074829414,NA,0.158830456482248,-0.175253075492951,-0.0635641726163728,-0.051434449987364,-0.0635641726163728,NA,-0.051434449987364,-0.051434449987364,-0.0740740740740741,-0.051434449987364
"teacher educators",-0.0580454325265715,-0.0580454325265715,-0.0580454325265715,NA,NA,-0.0717342149788216,NA,NA,NA,NA,NA,NA,-0.0717342149788216,-0.0580454325265715,0.278618076127543,NA,0.615281584781658,-0.0580454325265715,-0.0580454325265715,NA,-0.0580454325265715,NA,NA,-0.0580454325265715,NA,NA,NA,NA,NA,NA,NA,NA,NA,-0.0580454325265715,0.205638082939289,NA,-0.0580454325265715,-0.0580454325265715,NA,NA,NA,NA,NA,NA,NA,NA,NA,NA,NA,NA,-0.0580454325265715,NA,-0.0580454325265715,NA,-0.0580454325265715,0.615281584781658,NA,0.278618076127543,NA,NA,-0.11379180839005,NA,NA,NA,NA,NA,-0.0580454325265715,NA,NA,NA,NA,NA,-0.0580454325265715,NA,NA,NA,NA,NA,NA,NA,-0.0717342149788216,NA,NA,NA,-0.0580454325265715,NA,NA,0.278618076127543
"teaching methods",0.0858985516791162,-0.121689614878748,0.0858985516791162,NA,-0.0943537119719262,-0.150387526019486,-0.121689614878748,NA,0.191670376299345,NA,0.0858985516791162,-0.150387526019486,0.0206414251399295,0.0858985516791162,0.0858985516791162,NA,-0.121689614878748,0.0858985516791162,-0.121689614878748,NA,0.0858985516791162,0.0206414251399295,0.191670376299345,-0.121689614878748,NA,NA,-0.121689614878748,-0.121689614878748,-0.150387526019486,0.0858985516791162,-0.121689614878748,0.191670376299345,0.0206414251399295,-0.121689614878748,0.0206414251399295,0.0858985516791162,0.0858985516791162,-0.121689614878748,0.191670376299345,NA,NA,-0.150387526019486,NA,NA,-0.121689614878748,NA,0.0858985516791162,0.191670376299345,0.29348671823698,NA,0.0858985516791162,0.0206414251399295,0.0858985516791162,NA,0.0858985516791162,-0.121689614878748,NA,0.0858985516791162,0.29348671823698,-0.0257725111019046,0.226531158690537,0.0858985516791162,-0.121689614878748,NA,-0.121689614878748,0.191670376299345,-0.121689614878748,NA,-0.121689614878748,NA,NA,NA,0.0858985516791162,NA,-0.121689614878748,-0.238559361806849,-0.121689614878748,NA,-0.197778737229607,NA,0.0206414251399295,0.0858985516791162,0.0206414251399295,NA,0.0858985516791162,-0.121689614878748,-0.0257725111019046,-0.121689614878748
"teaching skills",NA,-0.0441367414752375,-0.0441367414752375,NA,NA,NA,NA,NA,NA,NA,NA,NA,NA,-0.0441367414752375,-0.0441367414752375,NA,-0.0441367414752375,0.382518426118725,0.382518426118725,NA,-0.0441367414752375,NA,NA,-0.0441367414752375,NA,NA,NA,NA,NA,NA,NA,NA,NA,NA,-0.0545454545454545,NA,-0.0441367414752375,-0.0441367414752375,NA,NA,NA,NA,NA,NA,NA,NA,NA,NA,NA,NA,-0.0441367414752375,NA,-0.0441367414752375,NA,-0.0441367414752375,-0.0441367414752375,NA,-0.0441367414752375,NA,NA,-0.0865253200863353,NA,NA,NA,NA,NA,-0.0441367414752375,NA,NA,NA,NA,NA,-0.0441367414752375,NA,NA,NA,NA,NA,NA,NA,NA,NA,NA,NA,-0.0441367414752375,NA,NA,-0.0441367414752375
"telecommunications",-0.0357142857142857,-0.0357142857142857,-0.0357142857142857,NA,NA,-0.0441367414752375,NA,NA,NA,NA,NA,NA,-0.0441367414752375,-0.0357142857142857,0.482142857142857,NA,0.482142857142857,-0.0357142857142857,-0.0357142857142857,NA,-0.0357142857142857,NA,NA,-0.0357142857142857,NA,NA,NA,NA,NA,NA,NA,NA,NA,-0.0357142857142857,-0.0441367414752375,NA,-0.0357142857142857,-0.0357142857142857,NA,NA,NA,NA,NA,NA,NA,NA,NA,NA,NA,NA,-0.0357142857142857,NA,-0.0357142857142857,NA,-0.0357142857142857,-0.0357142857142857,NA,-0.0357142857142857,NA,NA,-0.0700140042014005,NA,NA,NA,NA,NA,-0.0357142857142857,NA,NA,NA,NA,NA,-0.0357142857142857,NA,NA,NA,NA,NA,0.278618076127543,NA,-0.0441367414752375,NA,NA,NA,-0.0357142857142857,NA,NA,0.482142857142857
"thinking skills",0.382518426118725,-0.0441367414752375,-0.0441367414752375,NA,NA,-0.0545454545454545,-0.0441367414752375,NA,-0.0545454545454545,NA,NA,NA,-0.0545454545454545,-0.0441367414752375,-0.0441367414752375,NA,-0.0441367414752375,-0.0441367414752375,-0.0441367414752375,NA,-0.0441367414752375,NA,NA,-0.0441367414752375,NA,NA,NA,-0.0441367414752375,-0.0545454545454545,NA,-0.0441367414752375,-0.0545454545454545,-0.0545454545454545,-0.0441367414752375,-0.0545454545454545,-0.0441367414752375,-0.0441367414752375,-0.0441367414752375,-0.0545454545454545,NA,NA,-0.0545454545454545,NA,NA,NA,NA,-0.0441367414752375,NA,NA,NA,-0.0441367414752375,NA,0.382518426118725,NA,-0.0441367414752375,-0.0441367414752375,NA,-0.0441367414752375,-0.0441367414752375,-0.0635641726163728,-0.0865253200863353,NA,NA,NA,NA,NA,-0.0441367414752375,NA,NA,NA,NA,NA,-0.0441367414752375,NA,-0.0441367414752375,0.391424067057231,NA,NA,-0.0717342149788216,NA,-0.0545454545454545,-0.0441367414752375,NA,NA,-0.0441367414752375,-0.0441367414752375,-0.0635641726163728,-0.0441367414752375
"tpack",-0.0130643633611603,-0.202497632097985,-0.0130643633611603,NA,-0.0234823317892116,-0.0941810099409828,-0.202497632097985,-0.0941810099409828,-0.0941810099409828,0.176368905375665,0.176368905375665,0.0618903779612172,0.0618903779612172,-0.0130643633611603,-0.0130643633611603,-0.250252397843183,-0.0130643633611603,0.176368905375665,-0.0130643633611603,-0.155222377444677,0.176368905375665,-0.250252397843183,-0.0941810099409828,-0.0130643633611603,NA,-0.0130643633611603,-0.202497632097985,-0.202497632097985,0.0618903779612172,-0.202497632097985,-0.202497632097985,-0.0941810099409828,-0.0941810099409828,-0.202497632097985,0.0618903779612172,-0.202497632097985,0.176368905375665,-0.202497632097985,-0.0941810099409828,0.163495219699501,-0.0188148336296578,-0.250252397843183,0.117592710185362,-0.250252397843183,-0.202497632097985,0.113570899899047,-0.0130643633611603,0.217961765863417,-0.0130643633611603,0.220677975555157,-0.0130643633611603,-0.0941810099409828,-0.202497632097985,NA,0.176368905375665,0.176368905375665,0.239648358509309,0.176368905375665,0.176368905375665,0.254000254000381,0.0274406517377071,-0.202497632097985,-0.0130643633611603,0.217961765863417,-0.0130643633611603,0.0618903779612172,0.176368905375665,-0.0828092671205267,-0.0130643633611603,0.176368905375665,-0.214563359604447,NA,-0.0130643633611603,-0.0941810099409828,-0.0130643633611603,0.133544505123508,-0.202497632097985,-0.291629921259697,0.0403429762894874,0.069389978280781,0.217961765863417,-0.202497632097985,-0.0941810099409828,NA,-0.0130643633611603,-0.202497632097985,0.117592710185362,-0.202497632097985
"undergraduate students",NA,-0.0357142857142857,NA,NA,NA,NA,NA,NA,NA,NA,NA,NA,NA,NA,-0.0357142857142857,NA,-0.0357142857142857,-0.0357142857142857,-0.0357142857142857,NA,-0.0357142857142857,NA,NA,-0.0357142857142857,NA,NA,NA,NA,NA,NA,NA,NA,NA,NA,NA,NA,-0.0357142857142857,NA,NA,NA,NA,NA,NA,NA,NA,NA,NA,NA,NA,NA,-0.0357142857142857,NA,-0.0357142857142857,NA,NA,-0.0357142857142857,NA,-0.0357142857142857,NA,NA,-0.0700140042014005,NA,NA,NA,NA,NA,-0.0357142857142857,NA,NA,NA,NA,NA,-0.0357142857142857,NA,NA,NA,NA,NA,NA,NA,NA,NA,NA,NA,NA,NA,NA,-0.0357142857142857
"web sites",-0.0357142857142857,0.482142857142857,-0.0357142857142857,NA,NA,-0.0441367414752375,-0.0357142857142857,NA,-0.0441367414752375,NA,NA,NA,-0.0441367414752375,-0.0357142857142857,0.482142857142857,NA,0.482142857142857,-0.0357142857142857,-0.0357142857142857,NA,-0.0357142857142857,NA,NA,-0.0357142857142857,NA,NA,NA,1,-0.0441367414752375,NA,0.482142857142857,NA,-0.0441367414752375,-0.0357142857142857,-0.0441367414752375,-0.0357142857142857,-0.0357142857142857,-0.0357142857142857,-0.0441367414752375,NA,NA,-0.0441367414752375,NA,NA,NA,NA,-0.0357142857142857,NA,NA,NA,-0.0357142857142857,NA,0.482142857142857,NA,-0.0357142857142857,-0.0357142857142857,NA,-0.0357142857142857,-0.0357142857142857,-0.051434449987364,-0.0700140042014005,NA,NA,NA,NA,NA,-0.0357142857142857,NA,NA,NA,NA,NA,-0.0357142857142857,NA,-0.0357142857142857,NA,NA,NA,0.278618076127543,NA,-0.0441367414752375,0.482142857142857,NA,NA,-0.0357142857142857,NA,NA,1
"workshops",-0.051434449987364,-0.051434449987364,0.321465312421025,NA,NA,-0.0635641726163728,-0.051434449987364,NA,-0.0635641726163728,NA,NA,NA,0.243662661696096,-0.051434449987364,-0.051434449987364,NA,-0.051434449987364,-0.051434449987364,-0.051434449987364,NA,-0.051434449987364,NA,NA,0.321465312421025,NA,NA,NA,-0.051434449987364,-0.0635641726163728,NA,-0.051434449987364,0.243662661696096,-0.0635641726163728,-0.051434449987364,-0.0635641726163728,-0.051434449987364,-0.051434449987364,-0.051434449987364,-0.0635641726163728,NA,NA,-0.0635641726163728,NA,NA,NA,NA,-0.051434449987364,NA,NA,NA,-0.051434449987364,NA,-0.051434449987364,NA,-0.051434449987364,0.321465312421025,NA,-0.051434449987364,-0.051434449987364,0.194444444444444,0.316899598181058,NA,NA,NA,NA,NA,-0.051434449987364,NA,NA,NA,NA,NA,-0.051434449987364,NA,-0.051434449987364,0.316899598181058,NA,NA,0.158830456482248,NA,-0.0635641726163728,-0.051434449987364,NA,NA,-0.051434449987364,-0.051434449987364,NA,-0.051434449987364
"writing instruction",NA,NA,NA,NA,NA,NA,NA,NA,NA,NA,NA,NA,NA,NA,0.482142857142857,NA,NA,-0.0357142857142857,-0.0357142857142857,NA,NA,NA,NA,NA,NA,NA,NA,NA,NA,NA,NA,NA,NA,NA,NA,NA,NA,NA,NA,NA,NA,NA,NA,NA,NA,NA,NA,NA,NA,NA,-0.0357142857142857,NA,NA,NA,NA,NA,NA,NA,NA,NA,NA,NA,NA,NA,NA,NA,NA,NA,NA,NA,NA,NA,-0.0357142857142857,NA,NA,NA,NA,NA,NA,NA,NA,NA,NA,NA,NA,NA,NA,NA
